id,適用日,職種,都道府県,労務単価
0,2015/02/01,特殊作業員,北海道,16700
1,2015/02/01,普通作業員,北海道,13800
2,2015/02/01,軽作業員,北海道,11500
3,2015/02/01,造園工,北海道,16900
4,2015/02/01,法面工,北海道,20200
5,2015/02/01,とび工,北海道,18200
6,2015/02/01,石工,北海道,
7,2015/02/01,ブロック工,北海道,
8,2015/02/01,電工,北海道,17700
9,2015/02/01,鉄筋工,北海道,18600
10,2015/02/01,鉄骨工,北海道,19100
11,2015/02/01,塗装工,北海道,18600
12,2015/02/01,溶接工,北海道,20400
13,2015/02/01,運転手（特殊）,北海道,16600
14,2015/02/01,運転手（一般）,北海道,14000
15,2015/02/01,潜かん工,北海道,27400
16,2015/02/01,潜かん世話役,北海道,32400
17,2015/02/01,さく岩工,北海道,21600
18,2015/02/01,トンネル特殊工,北海道,25500
19,2015/02/01,トンネル作業員,北海道,21400
20,2015/02/01,トンネル世話役,北海道,28700
21,2015/02/01,橋りょう特殊工,北海道,24000
22,2015/02/01,橋りょう塗装工,北海道,24300
23,2015/02/01,橋りょう世話役,北海道,29500
24,2015/02/01,土木一般世話役,北海道,18800
25,2015/02/01,高級船員,北海道,23300
26,2015/02/01,普通船員,北海道,18500
27,2015/02/01,潜水士,北海道,32000
28,2015/02/01,潜水連絡員,北海道,20900
29,2015/02/01,潜水送気員,北海道,20000
30,2015/02/01,山林砂防工,北海道,
31,2015/02/01,軌道工,北海道,23000
32,2015/02/01,型わく工,北海道,17900
33,2015/02/01,大工,北海道,19200
34,2015/02/01,左官,北海道,19200
35,2015/02/01,配管工,北海道,17300
36,2015/02/01,はつり工,北海道,19400
37,2015/02/01,防水工,北海道,20100
38,2015/02/01,板金工,北海道,19300
39,2015/02/01,タイル工,北海道,20400
40,2015/02/01,サッシ工,北海道,19300
41,2015/02/01,内装工,北海道,18800
42,2015/02/01,ガラス工,北海道,17000
43,2015/02/01,建具工,北海道,16900
44,2015/02/01,ダクト工,北海道,17200
45,2015/02/01,保温工,北海道,19900
46,2015/02/01,設備機械工,北海道,19200
47,2015/02/01,交通誘導警備員A,北海道,10600
48,2015/02/01,交通誘導警備員B,北海道,9100
1,2015/02/01,特殊作業員,青森県,19700
2,2015/02/01,普通作業員,青森県,14600
3,2015/02/01,軽作業員,青森県,11000
4,2015/02/01,造園工,青森県,16900
5,2015/02/01,法面工,青森県,20900
6,2015/02/01,とび工,青森県,19200
7,2015/02/01,石工,青森県,
8,2015/02/01,ブロック工,青森県,
9,2015/02/01,電工,青森県,16300
10,2015/02/01,鉄筋工,青森県,20300
11,2015/02/01,鉄骨工,青森県,18100
12,2015/02/01,塗装工,青森県,17200
13,2015/02/01,溶接工,青森県,19400
14,2015/02/01,運転手（特殊）,青森県,21300
15,2015/02/01,運転手（一般）,青森県,19400
16,2015/02/01,潜かん工,青森県,27300
17,2015/02/01,潜かん世話役,青森県,32400
18,2015/02/01,さく岩工,青森県,22600
19,2015/02/01,トンネル特殊工,青森県,26500
20,2015/02/01,トンネル作業員,青森県,21000
21,2015/02/01,トンネル世話役,青森県,29300
22,2015/02/01,橋りょう特殊工,青森県,23900
23,2015/02/01,橋りょう塗装工,青森県,25700
24,2015/02/01,橋りょう世話役,青森県,29000
25,2015/02/01,土木一般世話役,青森県,22400
26,2015/02/01,高級船員,青森県,24300
27,2015/02/01,普通船員,青森県,19100
28,2015/02/01,潜水士,青森県,37300
29,2015/02/01,潜水連絡員,青森県,23100
30,2015/02/01,潜水送気員,青森県,23400
31,2015/02/01,山林砂防工,青森県,
32,2015/02/01,軌道工,青森県,25100
33,2015/02/01,型わく工,青森県,23300
34,2015/02/01,大工,青森県,20500
35,2015/02/01,左官,青森県,20700
36,2015/02/01,配管工,青森県,17000
37,2015/02/01,はつり工,青森県,19100
38,2015/02/01,防水工,青森県,18100
39,2015/02/01,板金工,青森県,19100
40,2015/02/01,タイル工,青森県,18700
41,2015/02/01,サッシ工,青森県,21100
42,2015/02/01,内装工,青森県,18800
43,2015/02/01,ガラス工,青森県,18100
44,2015/02/01,建具工,青森県,15600
45,2015/02/01,ダクト工,青森県,15700
46,2015/02/01,保温工,青森県,18800
47,2015/02/01,設備機械工,青森県,17900
48,2015/02/01,交通誘導警備員A,青森県,10000
49,2015/02/01,交通誘導警備員B,青森県,8800
2,2015/02/01,特殊作業員,岩手県,19700
3,2015/02/01,普通作業員,岩手県,16400
4,2015/02/01,軽作業員,岩手県,12000
5,2015/02/01,造園工,岩手県,17700
6,2015/02/01,法面工,岩手県,23200
7,2015/02/01,とび工,岩手県,19300
8,2015/02/01,石工,岩手県,
9,2015/02/01,ブロック工,岩手県,
10,2015/02/01,電工,岩手県,17200
11,2015/02/01,鉄筋工,岩手県,21300
12,2015/02/01,鉄骨工,岩手県,19100
13,2015/02/01,塗装工,岩手県,18800
14,2015/02/01,溶接工,岩手県,20500
15,2015/02/01,運転手（特殊）,岩手県,21800
16,2015/02/01,運転手（一般）,岩手県,18500
17,2015/02/01,潜かん工,岩手県,28700
18,2015/02/01,潜かん世話役,岩手県,34000
19,2015/02/01,さく岩工,岩手県,23700
20,2015/02/01,トンネル特殊工,岩手県,29000
21,2015/02/01,トンネル作業員,岩手県,22200
22,2015/02/01,トンネル世話役,岩手県,30800
23,2015/02/01,橋りょう特殊工,岩手県,25200
24,2015/02/01,橋りょう塗装工,岩手県,27000
25,2015/02/01,橋りょう世話役,岩手県,31700
26,2015/02/01,土木一般世話役,岩手県,22400
27,2015/02/01,高級船員,岩手県,24300
28,2015/02/01,普通船員,岩手県,19100
29,2015/02/01,潜水士,岩手県,40700
30,2015/02/01,潜水連絡員,岩手県,25200
31,2015/02/01,潜水送気員,岩手県,25800
32,2015/02/01,山林砂防工,岩手県,
33,2015/02/01,軌道工,岩手県,27400
34,2015/02/01,型わく工,岩手県,24700
35,2015/02/01,大工,岩手県,22200
36,2015/02/01,左官,岩手県,23200
37,2015/02/01,配管工,岩手県,18200
38,2015/02/01,はつり工,岩手県,20100
39,2015/02/01,防水工,岩手県,19100
40,2015/02/01,板金工,岩手県,20300
41,2015/02/01,タイル工,岩手県,19500
42,2015/02/01,サッシ工,岩手県,22100
43,2015/02/01,内装工,岩手県,19800
44,2015/02/01,ガラス工,岩手県,19000
45,2015/02/01,建具工,岩手県,16400
46,2015/02/01,ダクト工,岩手県,16600
47,2015/02/01,保温工,岩手県,18800
48,2015/02/01,設備機械工,岩手県,17900
49,2015/02/01,交通誘導警備員A,岩手県,11200
50,2015/02/01,交通誘導警備員B,岩手県,9800
3,2015/02/01,特殊作業員,宮城県,21100
4,2015/02/01,普通作業員,宮城県,16400
5,2015/02/01,軽作業員,宮城県,12900
6,2015/02/01,造園工,宮城県,18700
7,2015/02/01,法面工,宮城県,24000
8,2015/02/01,とび工,宮城県,22100
9,2015/02/01,石工,宮城県,
10,2015/02/01,ブロック工,宮城県,
11,2015/02/01,電工,宮城県,17600
12,2015/02/01,鉄筋工,宮城県,25900
13,2015/02/01,鉄骨工,宮城県,21800
14,2015/02/01,塗装工,宮城県,22200
15,2015/02/01,溶接工,宮城県,22200
16,2015/02/01,運転手（特殊）,宮城県,23200
17,2015/02/01,運転手（一般）,宮城県,20800
18,2015/02/01,潜かん工,宮城県,28800
19,2015/02/01,潜かん世話役,宮城県,34100
20,2015/02/01,さく岩工,宮城県,23800
21,2015/02/01,トンネル特殊工,宮城県,30900
22,2015/02/01,トンネル作業員,宮城県,22200
23,2015/02/01,トンネル世話役,宮城県,30900
24,2015/02/01,橋りょう特殊工,宮城県,25200
25,2015/02/01,橋りょう塗装工,宮城県,27100
26,2015/02/01,橋りょう世話役,宮城県,34800
27,2015/02/01,土木一般世話役,宮城県,22700
28,2015/02/01,高級船員,宮城県,24300
29,2015/02/01,普通船員,宮城県,19100
30,2015/02/01,潜水士,宮城県,44800
31,2015/02/01,潜水連絡員,宮城県,27700
32,2015/02/01,潜水送気員,宮城県,28100
33,2015/02/01,山林砂防工,宮城県,
34,2015/02/01,軌道工,宮城県,30300
35,2015/02/01,型わく工,宮城県,28000
36,2015/02/01,大工,宮城県,24400
37,2015/02/01,左官,宮城県,25300
38,2015/02/01,配管工,宮城県,19000
39,2015/02/01,はつり工,宮城県,20100
40,2015/02/01,防水工,宮城県,21200
41,2015/02/01,板金工,宮城県,22100
42,2015/02/01,タイル工,宮城県,19600
43,2015/02/01,サッシ工,宮城県,24000
44,2015/02/01,内装工,宮城県,21800
45,2015/02/01,ガラス工,宮城県,19100
46,2015/02/01,建具工,宮城県,16400
47,2015/02/01,ダクト工,宮城県,16900
48,2015/02/01,保温工,宮城県,18800
49,2015/02/01,設備機械工,宮城県,17900
50,2015/02/01,交通誘導警備員A,宮城県,12300
51,2015/02/01,交通誘導警備員B,宮城県,10600
4,2015/02/01,特殊作業員,秋田県,18700
5,2015/02/01,普通作業員,秋田県,14700
6,2015/02/01,軽作業員,秋田県,11800
7,2015/02/01,造園工,秋田県,17500
8,2015/02/01,法面工,秋田県,21000
9,2015/02/01,とび工,秋田県,18900
10,2015/02/01,石工,秋田県,
11,2015/02/01,ブロック工,秋田県,
12,2015/02/01,電工,秋田県,16600
13,2015/02/01,鉄筋工,秋田県,20900
14,2015/02/01,鉄骨工,秋田県,18700
15,2015/02/01,塗装工,秋田県,18600
16,2015/02/01,溶接工,秋田県,19900
17,2015/02/01,運転手（特殊）,秋田県,20500
18,2015/02/01,運転手（一般）,秋田県,19800
19,2015/02/01,潜かん工,秋田県,27700
20,2015/02/01,潜かん世話役,秋田県,32800
21,2015/02/01,さく岩工,秋田県,22900
22,2015/02/01,トンネル特殊工,秋田県,26900
23,2015/02/01,トンネル作業員,秋田県,21300
24,2015/02/01,トンネル世話役,秋田県,29700
25,2015/02/01,橋りょう特殊工,秋田県,24300
26,2015/02/01,橋りょう塗装工,秋田県,26100
27,2015/02/01,橋りょう世話役,秋田県,30000
28,2015/02/01,土木一般世話役,秋田県,23300
29,2015/02/01,高級船員,秋田県,24300
30,2015/02/01,普通船員,秋田県,19100
31,2015/02/01,潜水士,秋田県,38600
32,2015/02/01,潜水連絡員,秋田県,23700
33,2015/02/01,潜水送気員,秋田県,24100
34,2015/02/01,山林砂防工,秋田県,
35,2015/02/01,軌道工,秋田県,25400
36,2015/02/01,型わく工,秋田県,20900
37,2015/02/01,大工,秋田県,22700
38,2015/02/01,左官,秋田県,21000
39,2015/02/01,配管工,秋田県,16200
40,2015/02/01,はつり工,秋田県,19300
41,2015/02/01,防水工,秋田県,18700
42,2015/02/01,板金工,秋田県,19000
43,2015/02/01,タイル工,秋田県,18900
44,2015/02/01,サッシ工,秋田県,21300
45,2015/02/01,内装工,秋田県,18900
46,2015/02/01,ガラス工,秋田県,18400
47,2015/02/01,建具工,秋田県,15600
48,2015/02/01,ダクト工,秋田県,15800
49,2015/02/01,保温工,秋田県,19000
50,2015/02/01,設備機械工,秋田県,17900
51,2015/02/01,交通誘導警備員A,秋田県,10100
52,2015/02/01,交通誘導警備員B,秋田県,8700
5,2015/02/01,特殊作業員,山形県,18700
6,2015/02/01,普通作業員,山形県,14700
7,2015/02/01,軽作業員,山形県,12400
8,2015/02/01,造園工,山形県,17800
9,2015/02/01,法面工,山形県,20000
10,2015/02/01,とび工,山形県,19000
11,2015/02/01,石工,山形県,
12,2015/02/01,ブロック工,山形県,
13,2015/02/01,電工,山形県,17600
14,2015/02/01,鉄筋工,山形県,21200
15,2015/02/01,鉄骨工,山形県,19400
16,2015/02/01,塗装工,山形県,20600
17,2015/02/01,溶接工,山形県,20800
18,2015/02/01,運転手（特殊）,山形県,19300
19,2015/02/01,運転手（一般）,山形県,17600
20,2015/02/01,潜かん工,山形県,27600
21,2015/02/01,潜かん世話役,山形県,32700
22,2015/02/01,さく岩工,山形県,22800
23,2015/02/01,トンネル特殊工,山形県,28900
24,2015/02/01,トンネル作業員,山形県,21200
25,2015/02/01,トンネル世話役,山形県,29500
26,2015/02/01,橋りょう特殊工,山形県,24200
27,2015/02/01,橋りょう塗装工,山形県,25900
28,2015/02/01,橋りょう世話役,山形県,29400
29,2015/02/01,土木一般世話役,山形県,21700
30,2015/02/01,高級船員,山形県,24300
31,2015/02/01,普通船員,山形県,19900
32,2015/02/01,潜水士,山形県,38800
33,2015/02/01,潜水連絡員,山形県,23900
34,2015/02/01,潜水送気員,山形県,24300
35,2015/02/01,山林砂防工,山形県,
36,2015/02/01,軌道工,山形県,23700
37,2015/02/01,型わく工,山形県,21200
38,2015/02/01,大工,山形県,19800
39,2015/02/01,左官,山形県,20600
40,2015/02/01,配管工,山形県,18300
41,2015/02/01,はつり工,山形県,19200
42,2015/02/01,防水工,山形県,20800
43,2015/02/01,板金工,山形県,19800
44,2015/02/01,タイル工,山形県,18800
45,2015/02/01,サッシ工,山形県,20900
46,2015/02/01,内装工,山形県,20000
47,2015/02/01,ガラス工,山形県,18300
48,2015/02/01,建具工,山形県,15600
49,2015/02/01,ダクト工,山形県,17600
50,2015/02/01,保温工,山形県,18900
51,2015/02/01,設備機械工,山形県,17900
52,2015/02/01,交通誘導警備員A,山形県,11400
53,2015/02/01,交通誘導警備員B,山形県,9800
6,2015/02/01,特殊作業員,福島県,21000
7,2015/02/01,普通作業員,福島県,16300
8,2015/02/01,軽作業員,福島県,14000
9,2015/02/01,造園工,福島県,18300
10,2015/02/01,法面工,福島県,23100
11,2015/02/01,とび工,福島県,21700
12,2015/02/01,石工,福島県,
13,2015/02/01,ブロック工,福島県,
14,2015/02/01,電工,福島県,18000
15,2015/02/01,鉄筋工,福島県,22700
16,2015/02/01,鉄骨工,福島県,20300
17,2015/02/01,塗装工,福島県,21700
18,2015/02/01,溶接工,福島県,21700
19,2015/02/01,運転手（特殊）,福島県,19600
20,2015/02/01,運転手（一般）,福島県,17600
21,2015/02/01,潜かん工,福島県,28800
22,2015/02/01,潜かん世話役,福島県,34000
23,2015/02/01,さく岩工,福島県,23800
24,2015/02/01,トンネル特殊工,福島県,28000
25,2015/02/01,トンネル作業員,福島県,21900
26,2015/02/01,トンネル世話役,福島県,30800
27,2015/02/01,橋りょう特殊工,福島県,25200
28,2015/02/01,橋りょう塗装工,福島県,27100
29,2015/02/01,橋りょう世話役,福島県,30900
30,2015/02/01,土木一般世話役,福島県,20400
31,2015/02/01,高級船員,福島県,24300
32,2015/02/01,普通船員,福島県,19900
33,2015/02/01,潜水士,福島県,40700
34,2015/02/01,潜水連絡員,福島県,25200
35,2015/02/01,潜水送気員,福島県,25700
36,2015/02/01,山林砂防工,福島県,
37,2015/02/01,軌道工,福島県,31600
38,2015/02/01,型わく工,福島県,20800
39,2015/02/01,大工,福島県,23100
40,2015/02/01,左官,福島県,21700
41,2015/02/01,配管工,福島県,18700
42,2015/02/01,はつり工,福島県,20100
43,2015/02/01,防水工,福島県,21500
44,2015/02/01,板金工,福島県,21200
45,2015/02/01,タイル工,福島県,19600
46,2015/02/01,サッシ工,福島県,22500
47,2015/02/01,内装工,福島県,21500
48,2015/02/01,ガラス工,福島県,19100
49,2015/02/01,建具工,福島県,16400
50,2015/02/01,ダクト工,福島県,17300
51,2015/02/01,保温工,福島県,18800
52,2015/02/01,設備機械工,福島県,17900
53,2015/02/01,交通誘導警備員A,福島県,12200
54,2015/02/01,交通誘導警備員B,福島県,10500
7,2015/02/01,特殊作業員,茨城県,19400
8,2015/02/01,普通作業員,茨城県,17200
9,2015/02/01,軽作業員,茨城県,12600
10,2015/02/01,造園工,茨城県,19400
11,2015/02/01,法面工,茨城県,21900
12,2015/02/01,とび工,茨城県,23100
13,2015/02/01,石工,茨城県,24500
14,2015/02/01,ブロック工,茨城県,22700
15,2015/02/01,電工,茨城県,19200
16,2015/02/01,鉄筋工,茨城県,22800
17,2015/02/01,鉄骨工,茨城県,21300
18,2015/02/01,塗装工,茨城県,22600
19,2015/02/01,溶接工,茨城県,25500
20,2015/02/01,運転手（特殊）,茨城県,21000
21,2015/02/01,運転手（一般）,茨城県,17300
22,2015/02/01,潜かん工,茨城県,26600
23,2015/02/01,潜かん世話役,茨城県,31600
24,2015/02/01,さく岩工,茨城県,24500
25,2015/02/01,トンネル特殊工,茨城県,25800
26,2015/02/01,トンネル作業員,茨城県,21900
27,2015/02/01,トンネル世話役,茨城県,28800
28,2015/02/01,橋りょう特殊工,茨城県,26900
29,2015/02/01,橋りょう塗装工,茨城県,28000
30,2015/02/01,橋りょう世話役,茨城県,30100
31,2015/02/01,土木一般世話役,茨城県,21800
32,2015/02/01,高級船員,茨城県,28900
33,2015/02/01,普通船員,茨城県,21700
34,2015/02/01,潜水士,茨城県,34300
35,2015/02/01,潜水連絡員,茨城県,22000
36,2015/02/01,潜水送気員,茨城県,24000
37,2015/02/01,山林砂防工,茨城県,25500
38,2015/02/01,軌道工,茨城県,41000
39,2015/02/01,型わく工,茨城県,22500
40,2015/02/01,大工,茨城県,23400
41,2015/02/01,左官,茨城県,24000
42,2015/02/01,配管工,茨城県,20200
43,2015/02/01,はつり工,茨城県,22600
44,2015/02/01,防水工,茨城県,24200
45,2015/02/01,板金工,茨城県,24200
46,2015/02/01,タイル工,茨城県,
47,2015/02/01,サッシ工,茨城県,23200
48,2015/02/01,内装工,茨城県,25000
49,2015/02/01,ガラス工,茨城県,22400
50,2015/02/01,建具工,茨城県,21800
51,2015/02/01,ダクト工,茨城県,20200
52,2015/02/01,保温工,茨城県,20800
53,2015/02/01,設備機械工,茨城県,21100
54,2015/02/01,交通誘導警備員A,茨城県,12300
55,2015/02/01,交通誘導警備員B,茨城県,11100
8,2015/02/01,特殊作業員,栃木県,19300
9,2015/02/01,普通作業員,栃木県,16900
10,2015/02/01,軽作業員,栃木県,12500
11,2015/02/01,造園工,栃木県,19300
12,2015/02/01,法面工,栃木県,23300
13,2015/02/01,とび工,栃木県,21900
14,2015/02/01,石工,栃木県,24800
15,2015/02/01,ブロック工,栃木県,22700
16,2015/02/01,電工,栃木県,18900
17,2015/02/01,鉄筋工,栃木県,22700
18,2015/02/01,鉄骨工,栃木県,22200
19,2015/02/01,塗装工,栃木県,23600
20,2015/02/01,溶接工,栃木県,26200
21,2015/02/01,運転手（特殊）,栃木県,19000
22,2015/02/01,運転手（一般）,栃木県,18100
23,2015/02/01,潜かん工,栃木県,26900
24,2015/02/01,潜かん世話役,栃木県,31800
25,2015/02/01,さく岩工,栃木県,24600
26,2015/02/01,トンネル特殊工,栃木県,26500
27,2015/02/01,トンネル作業員,栃木県,22200
28,2015/02/01,トンネル世話役,栃木県,29100
29,2015/02/01,橋りょう特殊工,栃木県,27200
30,2015/02/01,橋りょう塗装工,栃木県,28200
31,2015/02/01,橋りょう世話役,栃木県,30400
32,2015/02/01,土木一般世話役,栃木県,21700
33,2015/02/01,高級船員,栃木県,28900
34,2015/02/01,普通船員,栃木県,21700
35,2015/02/01,潜水士,栃木県,34500
36,2015/02/01,潜水連絡員,栃木県,22600
37,2015/02/01,潜水送気員,栃木県,24300
38,2015/02/01,山林砂防工,栃木県,25500
39,2015/02/01,軌道工,栃木県,41700
40,2015/02/01,型わく工,栃木県,22300
41,2015/02/01,大工,栃木県,23600
42,2015/02/01,左官,栃木県,24300
43,2015/02/01,配管工,栃木県,20300
44,2015/02/01,はつり工,栃木県,22700
45,2015/02/01,防水工,栃木県,25000
46,2015/02/01,板金工,栃木県,24600
47,2015/02/01,タイル工,栃木県,
48,2015/02/01,サッシ工,栃木県,23300
49,2015/02/01,内装工,栃木県,25400
50,2015/02/01,ガラス工,栃木県,22500
51,2015/02/01,建具工,栃木県,21800
52,2015/02/01,ダクト工,栃木県,20000
53,2015/02/01,保温工,栃木県,21000
54,2015/02/01,設備機械工,栃木県,21100
55,2015/02/01,交通誘導警備員A,栃木県,12000
56,2015/02/01,交通誘導警備員B,栃木県,10400
9,2015/02/01,特殊作業員,群馬県,19300
10,2015/02/01,普通作業員,群馬県,17300
11,2015/02/01,軽作業員,群馬県,13200
12,2015/02/01,造園工,群馬県,19100
13,2015/02/01,法面工,群馬県,24200
14,2015/02/01,とび工,群馬県,20700
15,2015/02/01,石工,群馬県,23800
16,2015/02/01,ブロック工,群馬県,22400
17,2015/02/01,電工,群馬県,18500
18,2015/02/01,鉄筋工,群馬県,22100
19,2015/02/01,鉄骨工,群馬県,21600
20,2015/02/01,塗装工,群馬県,20500
21,2015/02/01,溶接工,群馬県,24400
22,2015/02/01,運転手（特殊）,群馬県,19300
23,2015/02/01,運転手（一般）,群馬県,16300
24,2015/02/01,潜かん工,群馬県,26700
25,2015/02/01,潜かん世話役,群馬県,31600
26,2015/02/01,さく岩工,群馬県,24500
27,2015/02/01,トンネル特殊工,群馬県,27600
28,2015/02/01,トンネル作業員,群馬県,22100
29,2015/02/01,トンネル世話役,群馬県,28900
30,2015/02/01,橋りょう特殊工,群馬県,27000
31,2015/02/01,橋りょう塗装工,群馬県,28100
32,2015/02/01,橋りょう世話役,群馬県,30400
33,2015/02/01,土木一般世話役,群馬県,21800
34,2015/02/01,高級船員,群馬県,29000
35,2015/02/01,普通船員,群馬県,21700
36,2015/02/01,潜水士,群馬県,35900
37,2015/02/01,潜水連絡員,群馬県,22100
38,2015/02/01,潜水送気員,群馬県,23700
39,2015/02/01,山林砂防工,群馬県,25500
40,2015/02/01,軌道工,群馬県,38700
41,2015/02/01,型わく工,群馬県,22200
42,2015/02/01,大工,群馬県,22900
43,2015/02/01,左官,群馬県,21400
44,2015/02/01,配管工,群馬県,18300
45,2015/02/01,はつり工,群馬県,22600
46,2015/02/01,防水工,群馬県,23100
47,2015/02/01,板金工,群馬県,22500
48,2015/02/01,タイル工,群馬県,
49,2015/02/01,サッシ工,群馬県,22500
50,2015/02/01,内装工,群馬県,24700
51,2015/02/01,ガラス工,群馬県,22400
52,2015/02/01,建具工,群馬県,21800
53,2015/02/01,ダクト工,群馬県,18900
54,2015/02/01,保温工,群馬県,20800
55,2015/02/01,設備機械工,群馬県,21100
56,2015/02/01,交通誘導警備員A,群馬県,11400
57,2015/02/01,交通誘導警備員B,群馬県,10000
10,2015/02/01,特殊作業員,埼玉県,20600
11,2015/02/01,普通作業員,埼玉県,18300
12,2015/02/01,軽作業員,埼玉県,13200
13,2015/02/01,造園工,埼玉県,19200
14,2015/02/01,法面工,埼玉県,23300
15,2015/02/01,とび工,埼玉県,24000
16,2015/02/01,石工,埼玉県,24300
17,2015/02/01,ブロック工,埼玉県,
18,2015/02/01,電工,埼玉県,20400
19,2015/02/01,鉄筋工,埼玉県,24300
20,2015/02/01,鉄骨工,埼玉県,22600
21,2015/02/01,塗装工,埼玉県,24000
22,2015/02/01,溶接工,埼玉県,25500
23,2015/02/01,運転手（特殊）,埼玉県,22000
24,2015/02/01,運転手（一般）,埼玉県,19100
25,2015/02/01,潜かん工,埼玉県,26600
26,2015/02/01,潜かん世話役,埼玉県,31500
27,2015/02/01,さく岩工,埼玉県,24400
28,2015/02/01,トンネル特殊工,埼玉県,25600
29,2015/02/01,トンネル作業員,埼玉県,21900
30,2015/02/01,トンネル世話役,埼玉県,28800
31,2015/02/01,橋りょう特殊工,埼玉県,27800
32,2015/02/01,橋りょう塗装工,埼玉県,27900
33,2015/02/01,橋りょう世話役,埼玉県,30500
34,2015/02/01,土木一般世話役,埼玉県,22200
35,2015/02/01,高級船員,埼玉県,27600
36,2015/02/01,普通船員,埼玉県,21700
37,2015/02/01,潜水士,埼玉県,35700
38,2015/02/01,潜水連絡員,埼玉県,25400
39,2015/02/01,潜水送気員,埼玉県,25400
40,2015/02/01,山林砂防工,埼玉県,25500
41,2015/02/01,軌道工,埼玉県,41700
42,2015/02/01,型わく工,埼玉県,23400
43,2015/02/01,大工,埼玉県,
44,2015/02/01,左官,埼玉県,24100
45,2015/02/01,配管工,埼玉県,20000
46,2015/02/01,はつり工,埼玉県,22500
47,2015/02/01,防水工,埼玉県,25900
48,2015/02/01,板金工,埼玉県,24900
49,2015/02/01,タイル工,埼玉県,
50,2015/02/01,サッシ工,埼玉県,22900
51,2015/02/01,内装工,埼玉県,25100
52,2015/02/01,ガラス工,埼玉県,22300
53,2015/02/01,建具工,埼玉県,21800
54,2015/02/01,ダクト工,埼玉県,20100
55,2015/02/01,保温工,埼玉県,20700
56,2015/02/01,設備機械工,埼玉県,21100
57,2015/02/01,交通誘導警備員A,埼玉県,12200
58,2015/02/01,交通誘導警備員B,埼玉県,10900
11,2015/02/01,特殊作業員,千葉県,21400
12,2015/02/01,普通作業員,千葉県,18100
13,2015/02/01,軽作業員,千葉県,13100
14,2015/02/01,造園工,千葉県,20100
15,2015/02/01,法面工,千葉県,23200
16,2015/02/01,とび工,千葉県,24800
17,2015/02/01,石工,千葉県,24700
18,2015/02/01,ブロック工,千葉県,
19,2015/02/01,電工,千葉県,21500
20,2015/02/01,鉄筋工,千葉県,25200
21,2015/02/01,鉄骨工,千葉県,22500
22,2015/02/01,塗装工,千葉県,24200
23,2015/02/01,溶接工,千葉県,25600
24,2015/02/01,運転手（特殊）,千葉県,21300
25,2015/02/01,運転手（一般）,千葉県,19000
26,2015/02/01,潜かん工,千葉県,26600
27,2015/02/01,潜かん世話役,千葉県,31500
28,2015/02/01,さく岩工,千葉県,24400
29,2015/02/01,トンネル特殊工,千葉県,25400
30,2015/02/01,トンネル作業員,千葉県,21800
31,2015/02/01,トンネル世話役,千葉県,28700
32,2015/02/01,橋りょう特殊工,千葉県,27200
33,2015/02/01,橋りょう塗装工,千葉県,27900
34,2015/02/01,橋りょう世話役,千葉県,30500
35,2015/02/01,土木一般世話役,千葉県,22700
36,2015/02/01,高級船員,千葉県,27600
37,2015/02/01,普通船員,千葉県,21700
38,2015/02/01,潜水士,千葉県,35700
39,2015/02/01,潜水連絡員,千葉県,25400
40,2015/02/01,潜水送気員,千葉県,25400
41,2015/02/01,山林砂防工,千葉県,25500
42,2015/02/01,軌道工,千葉県,42700
43,2015/02/01,型わく工,千葉県,22600
44,2015/02/01,大工,千葉県,
45,2015/02/01,左官,千葉県,24600
46,2015/02/01,配管工,千葉県,20500
47,2015/02/01,はつり工,千葉県,22500
48,2015/02/01,防水工,千葉県,26000
49,2015/02/01,板金工,千葉県,25000
50,2015/02/01,タイル工,千葉県,
51,2015/02/01,サッシ工,千葉県,23000
52,2015/02/01,内装工,千葉県,24700
53,2015/02/01,ガラス工,千葉県,22300
54,2015/02/01,建具工,千葉県,21800
55,2015/02/01,ダクト工,千葉県,20200
56,2015/02/01,保温工,千葉県,20700
57,2015/02/01,設備機械工,千葉県,21100
58,2015/02/01,交通誘導警備員A,千葉県,12600
59,2015/02/01,交通誘導警備員B,千葉県,10900
12,2015/02/01,特殊作業員,東京都,22000
13,2015/02/01,普通作業員,東京都,19200
14,2015/02/01,軽作業員,東京都,13700
15,2015/02/01,造園工,東京都,20100
16,2015/02/01,法面工,東京都,24400
17,2015/02/01,とび工,東京都,24600
18,2015/02/01,石工,東京都,24700
19,2015/02/01,ブロック工,東京都,
20,2015/02/01,電工,東京都,23600
21,2015/02/01,鉄筋工,東京都,24800
22,2015/02/01,鉄骨工,東京都,23200
23,2015/02/01,塗装工,東京都,25400
24,2015/02/01,溶接工,東京都,27200
25,2015/02/01,運転手（特殊）,東京都,21600
26,2015/02/01,運転手（一般）,東京都,17900
27,2015/02/01,潜かん工,東京都,26600
28,2015/02/01,潜かん世話役,東京都,31500
29,2015/02/01,さく岩工,東京都,24400
30,2015/02/01,トンネル特殊工,東京都,25200
31,2015/02/01,トンネル作業員,東京都,21800
32,2015/02/01,トンネル世話役,東京都,28700
33,2015/02/01,橋りょう特殊工,東京都,27000
34,2015/02/01,橋りょう塗装工,東京都,27900
35,2015/02/01,橋りょう世話役,東京都,30900
36,2015/02/01,土木一般世話役,東京都,23300
37,2015/02/01,高級船員,東京都,27600
38,2015/02/01,普通船員,東京都,21700
39,2015/02/01,潜水士,東京都,36900
40,2015/02/01,潜水連絡員,東京都,25400
41,2015/02/01,潜水送気員,東京都,25200
42,2015/02/01,山林砂防工,東京都,25500
43,2015/02/01,軌道工,東京都,40700
44,2015/02/01,型わく工,東京都,23500
45,2015/02/01,大工,東京都,
46,2015/02/01,左官,東京都,24900
47,2015/02/01,配管工,東京都,20700
48,2015/02/01,はつり工,東京都,22500
49,2015/02/01,防水工,東京都,26900
50,2015/02/01,板金工,東京都,25000
51,2015/02/01,タイル工,東京都,
52,2015/02/01,サッシ工,東京都,23100
53,2015/02/01,内装工,東京都,24900
54,2015/02/01,ガラス工,東京都,22300
55,2015/02/01,建具工,東京都,21800
56,2015/02/01,ダクト工,東京都,20500
57,2015/02/01,保温工,東京都,20700
58,2015/02/01,設備機械工,東京都,21100
59,2015/02/01,交通誘導警備員A,東京都,12800
60,2015/02/01,交通誘導警備員B,東京都,11100
13,2015/02/01,特殊作業員,神奈川県,22200
14,2015/02/01,普通作業員,神奈川県,19200
15,2015/02/01,軽作業員,神奈川県,13400
16,2015/02/01,造園工,神奈川県,19600
17,2015/02/01,法面工,神奈川県,23200
18,2015/02/01,とび工,神奈川県,24600
19,2015/02/01,石工,神奈川県,24500
20,2015/02/01,ブロック工,神奈川県,23000
21,2015/02/01,電工,神奈川県,21600
22,2015/02/01,鉄筋工,神奈川県,23400
23,2015/02/01,鉄骨工,神奈川県,23200
24,2015/02/01,塗装工,神奈川県,25400
25,2015/02/01,溶接工,神奈川県,27900
26,2015/02/01,運転手（特殊）,神奈川県,22500
27,2015/02/01,運転手（一般）,神奈川県,19200
28,2015/02/01,潜かん工,神奈川県,26600
29,2015/02/01,潜かん世話役,神奈川県,31500
30,2015/02/01,さく岩工,神奈川県,24400
31,2015/02/01,トンネル特殊工,神奈川県,25200
32,2015/02/01,トンネル作業員,神奈川県,21800
33,2015/02/01,トンネル世話役,神奈川県,28700
34,2015/02/01,橋りょう特殊工,神奈川県,26800
35,2015/02/01,橋りょう塗装工,神奈川県,27900
36,2015/02/01,橋りょう世話役,神奈川県,30200
37,2015/02/01,土木一般世話役,神奈川県,23700
38,2015/02/01,高級船員,神奈川県,27600
39,2015/02/01,普通船員,神奈川県,21700
40,2015/02/01,潜水士,神奈川県,36200
41,2015/02/01,潜水連絡員,神奈川県,24600
42,2015/02/01,潜水送気員,神奈川県,24300
43,2015/02/01,山林砂防工,神奈川県,25500
44,2015/02/01,軌道工,神奈川県,39500
45,2015/02/01,型わく工,神奈川県,23400
46,2015/02/01,大工,神奈川県,
47,2015/02/01,左官,神奈川県,24200
48,2015/02/01,配管工,神奈川県,19900
49,2015/02/01,はつり工,神奈川県,22500
50,2015/02/01,防水工,神奈川県,24600
51,2015/02/01,板金工,神奈川県,24500
52,2015/02/01,タイル工,神奈川県,
53,2015/02/01,サッシ工,神奈川県,22700
54,2015/02/01,内装工,神奈川県,25200
55,2015/02/01,ガラス工,神奈川県,22300
56,2015/02/01,建具工,神奈川県,21800
57,2015/02/01,ダクト工,神奈川県,19800
58,2015/02/01,保温工,神奈川県,20700
59,2015/02/01,設備機械工,神奈川県,21100
60,2015/02/01,交通誘導警備員A,神奈川県,13000
61,2015/02/01,交通誘導警備員B,神奈川県,11300
14,2015/02/01,特殊作業員,山梨県,20900
15,2015/02/01,普通作業員,山梨県,18900
16,2015/02/01,軽作業員,山梨県,13000
17,2015/02/01,造園工,山梨県,19500
18,2015/02/01,法面工,山梨県,23800
19,2015/02/01,とび工,山梨県,22000
20,2015/02/01,石工,山梨県,24400
21,2015/02/01,ブロック工,山梨県,22900
22,2015/02/01,電工,山梨県,21100
23,2015/02/01,鉄筋工,山梨県,22800
24,2015/02/01,鉄骨工,山梨県,23400
25,2015/02/01,塗装工,山梨県,24000
26,2015/02/01,溶接工,山梨県,26800
27,2015/02/01,運転手（特殊）,山梨県,21400
28,2015/02/01,運転手（一般）,山梨県,18500
29,2015/02/01,潜かん工,山梨県,26600
30,2015/02/01,潜かん世話役,山梨県,31600
31,2015/02/01,さく岩工,山梨県,24500
32,2015/02/01,トンネル特殊工,山梨県,26900
33,2015/02/01,トンネル作業員,山梨県,21900
34,2015/02/01,トンネル世話役,山梨県,28800
35,2015/02/01,橋りょう特殊工,山梨県,26900
36,2015/02/01,橋りょう塗装工,山梨県,28000
37,2015/02/01,橋りょう世話役,山梨県,29700
38,2015/02/01,土木一般世話役,山梨県,22500
39,2015/02/01,高級船員,山梨県,27500
40,2015/02/01,普通船員,山梨県,21600
41,2015/02/01,潜水士,山梨県,36600
42,2015/02/01,潜水連絡員,山梨県,24200
43,2015/02/01,潜水送気員,山梨県,24300
44,2015/02/01,山林砂防工,山梨県,25500
45,2015/02/01,軌道工,山梨県,39100
46,2015/02/01,型わく工,山梨県,23400
47,2015/02/01,大工,山梨県,
48,2015/02/01,左官,山梨県,23800
49,2015/02/01,配管工,山梨県,19900
50,2015/02/01,はつり工,山梨県,22600
51,2015/02/01,防水工,山梨県,24300
52,2015/02/01,板金工,山梨県,24200
53,2015/02/01,タイル工,山梨県,
54,2015/02/01,サッシ工,山梨県,22800
55,2015/02/01,内装工,山梨県,25300
56,2015/02/01,ガラス工,山梨県,22400
57,2015/02/01,建具工,山梨県,21800
58,2015/02/01,ダクト工,山梨県,19700
59,2015/02/01,保温工,山梨県,20800
60,2015/02/01,設備機械工,山梨県,21100
61,2015/02/01,交通誘導警備員A,山梨県,11800
62,2015/02/01,交通誘導警備員B,山梨県,10300
15,2015/02/01,特殊作業員,長野県,20200
16,2015/02/01,普通作業員,長野県,17400
17,2015/02/01,軽作業員,長野県,13800
18,2015/02/01,造園工,長野県,18800
19,2015/02/01,法面工,長野県,22900
20,2015/02/01,とび工,長野県,21500
21,2015/02/01,石工,長野県,23200
22,2015/02/01,ブロック工,長野県,22300
23,2015/02/01,電工,長野県,19000
24,2015/02/01,鉄筋工,長野県,21200
25,2015/02/01,鉄骨工,長野県,21800
26,2015/02/01,塗装工,長野県,21400
27,2015/02/01,溶接工,長野県,23500
28,2015/02/01,運転手（特殊）,長野県,19200
29,2015/02/01,運転手（一般）,長野県,16800
30,2015/02/01,潜かん工,長野県,26800
31,2015/02/01,潜かん世話役,長野県,31700
32,2015/02/01,さく岩工,長野県,24600
33,2015/02/01,トンネル特殊工,長野県,27000
34,2015/02/01,トンネル作業員,長野県,22100
35,2015/02/01,トンネル世話役,長野県,29000
36,2015/02/01,橋りょう特殊工,長野県,27000
37,2015/02/01,橋りょう塗装工,長野県,28200
38,2015/02/01,橋りょう世話役,長野県,29100
39,2015/02/01,土木一般世話役,長野県,21900
40,2015/02/01,高級船員,長野県,27700
41,2015/02/01,普通船員,長野県,21700
42,2015/02/01,潜水士,長野県,34800
43,2015/02/01,潜水連絡員,長野県,22900
44,2015/02/01,潜水送気員,長野県,24100
45,2015/02/01,山林砂防工,長野県,25500
46,2015/02/01,軌道工,長野県,34300
47,2015/02/01,型わく工,長野県,20300
48,2015/02/01,大工,長野県,22500
49,2015/02/01,左官,長野県,20400
50,2015/02/01,配管工,長野県,18300
51,2015/02/01,はつり工,長野県,22700
52,2015/02/01,防水工,長野県,22600
53,2015/02/01,板金工,長野県,22600
54,2015/02/01,タイル工,長野県,
55,2015/02/01,サッシ工,長野県,22100
56,2015/02/01,内装工,長野県,24100
57,2015/02/01,ガラス工,長野県,22500
58,2015/02/01,建具工,長野県,21800
59,2015/02/01,ダクト工,長野県,18400
60,2015/02/01,保温工,長野県,20900
61,2015/02/01,設備機械工,長野県,21100
62,2015/02/01,交通誘導警備員A,長野県,10800
63,2015/02/01,交通誘導警備員B,長野県,9300
16,2015/02/01,特殊作業員,新潟県,18300
17,2015/02/01,普通作業員,新潟県,15500
18,2015/02/01,軽作業員,新潟県,13400
19,2015/02/01,造園工,新潟県,17500
20,2015/02/01,法面工,新潟県,21700
21,2015/02/01,とび工,新潟県,18800
22,2015/02/01,石工,新潟県,
23,2015/02/01,ブロック工,新潟県,
24,2015/02/01,電工,新潟県,17500
25,2015/02/01,鉄筋工,新潟県,19700
26,2015/02/01,鉄骨工,新潟県,18500
27,2015/02/01,塗装工,新潟県,19100
28,2015/02/01,溶接工,新潟県,20100
29,2015/02/01,運転手（特殊）,新潟県,18100
30,2015/02/01,運転手（一般）,新潟県,15900
31,2015/02/01,潜かん工,新潟県,27400
32,2015/02/01,潜かん世話役,新潟県,32400
33,2015/02/01,さく岩工,新潟県,
34,2015/02/01,トンネル特殊工,新潟県,27800
35,2015/02/01,トンネル作業員,新潟県,20300
36,2015/02/01,トンネル世話役,新潟県,28200
37,2015/02/01,橋りょう特殊工,新潟県,23500
38,2015/02/01,橋りょう塗装工,新潟県,28300
39,2015/02/01,橋りょう世話役,新潟県,26700
40,2015/02/01,土木一般世話役,新潟県,19300
41,2015/02/01,高級船員,新潟県,24200
42,2015/02/01,普通船員,新潟県,20000
43,2015/02/01,潜水士,新潟県,33800
44,2015/02/01,潜水連絡員,新潟県,20500
45,2015/02/01,潜水送気員,新潟県,22200
46,2015/02/01,山林砂防工,新潟県,22700
47,2015/02/01,軌道工,新潟県,24500
48,2015/02/01,型わく工,新潟県,18700
49,2015/02/01,大工,新潟県,19000
50,2015/02/01,左官,新潟県,18700
51,2015/02/01,配管工,新潟県,18000
52,2015/02/01,はつり工,新潟県,18500
53,2015/02/01,防水工,新潟県,19000
54,2015/02/01,板金工,新潟県,19400
55,2015/02/01,タイル工,新潟県,
56,2015/02/01,サッシ工,新潟県,21700
57,2015/02/01,内装工,新潟県,19800
58,2015/02/01,ガラス工,新潟県,18800
59,2015/02/01,建具工,新潟県,
60,2015/02/01,ダクト工,新潟県,17700
61,2015/02/01,保温工,新潟県,19500
62,2015/02/01,設備機械工,新潟県,19700
63,2015/02/01,交通誘導警備員A,新潟県,11300
64,2015/02/01,交通誘導警備員B,新潟県,9800
17,2015/02/01,特殊作業員,富山県,19500
18,2015/02/01,普通作業員,富山県,16500
19,2015/02/01,軽作業員,富山県,12700
20,2015/02/01,造園工,富山県,17300
21,2015/02/01,法面工,富山県,23100
22,2015/02/01,とび工,富山県,21000
23,2015/02/01,石工,富山県,
24,2015/02/01,ブロック工,富山県,
25,2015/02/01,電工,富山県,18500
26,2015/02/01,鉄筋工,富山県,21200
27,2015/02/01,鉄骨工,富山県,20500
28,2015/02/01,塗装工,富山県,20400
29,2015/02/01,溶接工,富山県,21000
30,2015/02/01,運転手（特殊）,富山県,19200
31,2015/02/01,運転手（一般）,富山県,15900
32,2015/02/01,潜かん工,富山県,27400
33,2015/02/01,潜かん世話役,富山県,32500
34,2015/02/01,さく岩工,富山県,
35,2015/02/01,トンネル特殊工,富山県,27500
36,2015/02/01,トンネル作業員,富山県,20200
37,2015/02/01,トンネル世話役,富山県,28300
38,2015/02/01,橋りょう特殊工,富山県,23400
39,2015/02/01,橋りょう塗装工,富山県,28400
40,2015/02/01,橋りょう世話役,富山県,27300
41,2015/02/01,土木一般世話役,富山県,20300
42,2015/02/01,高級船員,富山県,24200
43,2015/02/01,普通船員,富山県,20000
44,2015/02/01,潜水士,富山県,34500
45,2015/02/01,潜水連絡員,富山県,20600
46,2015/02/01,潜水送気員,富山県,22800
47,2015/02/01,山林砂防工,富山県,22700
48,2015/02/01,軌道工,富山県,28400
49,2015/02/01,型わく工,富山県,20700
50,2015/02/01,大工,富山県,19500
51,2015/02/01,左官,富山県,19300
52,2015/02/01,配管工,富山県,18100
53,2015/02/01,はつり工,富山県,18500
54,2015/02/01,防水工,富山県,19000
55,2015/02/01,板金工,富山県,19700
56,2015/02/01,タイル工,富山県,
57,2015/02/01,サッシ工,富山県,21000
58,2015/02/01,内装工,富山県,19700
59,2015/02/01,ガラス工,富山県,18800
60,2015/02/01,建具工,富山県,
61,2015/02/01,ダクト工,富山県,18200
62,2015/02/01,保温工,富山県,19600
63,2015/02/01,設備機械工,富山県,19700
64,2015/02/01,交通誘導警備員A,富山県,11200
65,2015/02/01,交通誘導警備員B,富山県,10200
18,2015/02/01,特殊作業員,石川県,19700
19,2015/02/01,普通作業員,石川県,17000
20,2015/02/01,軽作業員,石川県,12600
21,2015/02/01,造園工,石川県,17600
22,2015/02/01,法面工,石川県,23200
23,2015/02/01,とび工,石川県,21100
24,2015/02/01,石工,石川県,
25,2015/02/01,ブロック工,石川県,
26,2015/02/01,電工,石川県,19400
27,2015/02/01,鉄筋工,石川県,20800
28,2015/02/01,鉄骨工,石川県,20100
29,2015/02/01,塗装工,石川県,20100
30,2015/02/01,溶接工,石川県,20700
31,2015/02/01,運転手（特殊）,石川県,18700
32,2015/02/01,運転手（一般）,石川県,16600
33,2015/02/01,潜かん工,石川県,27400
34,2015/02/01,潜かん世話役,石川県,32400
35,2015/02/01,さく岩工,石川県,
36,2015/02/01,トンネル特殊工,石川県,26200
37,2015/02/01,トンネル作業員,石川県,20500
38,2015/02/01,トンネル世話役,石川県,28200
39,2015/02/01,橋りょう特殊工,石川県,23600
40,2015/02/01,橋りょう塗装工,石川県,28300
41,2015/02/01,橋りょう世話役,石川県,27800
42,2015/02/01,土木一般世話役,石川県,22000
43,2015/02/01,高級船員,石川県,24200
44,2015/02/01,普通船員,石川県,20100
45,2015/02/01,潜水士,石川県,33300
46,2015/02/01,潜水連絡員,石川県,21300
47,2015/02/01,潜水送気員,石川県,21400
48,2015/02/01,山林砂防工,石川県,22700
49,2015/02/01,軌道工,石川県,28900
50,2015/02/01,型わく工,石川県,20300
51,2015/02/01,大工,石川県,19500
52,2015/02/01,左官,石川県,19000
53,2015/02/01,配管工,石川県,18000
54,2015/02/01,はつり工,石川県,18500
55,2015/02/01,防水工,石川県,19800
56,2015/02/01,板金工,石川県,19900
57,2015/02/01,タイル工,石川県,
58,2015/02/01,サッシ工,石川県,20600
59,2015/02/01,内装工,石川県,19100
60,2015/02/01,ガラス工,石川県,18800
61,2015/02/01,建具工,石川県,
62,2015/02/01,ダクト工,石川県,18300
63,2015/02/01,保温工,石川県,19500
64,2015/02/01,設備機械工,石川県,19700
65,2015/02/01,交通誘導警備員A,石川県,11600
66,2015/02/01,交通誘導警備員B,石川県,10100
19,2015/02/01,特殊作業員,岐阜県,19600
20,2015/02/01,普通作業員,岐阜県,17500
21,2015/02/01,軽作業員,岐阜県,13000
22,2015/02/01,造園工,岐阜県,18600
23,2015/02/01,法面工,岐阜県,22600
24,2015/02/01,とび工,岐阜県,21700
25,2015/02/01,石工,岐阜県,
26,2015/02/01,ブロック工,岐阜県,24400
27,2015/02/01,電工,岐阜県,19300
28,2015/02/01,鉄筋工,岐阜県,20900
29,2015/02/01,鉄骨工,岐阜県,20700
30,2015/02/01,塗装工,岐阜県,21200
31,2015/02/01,溶接工,岐阜県,23200
32,2015/02/01,運転手（特殊）,岐阜県,20400
33,2015/02/01,運転手（一般）,岐阜県,17600
34,2015/02/01,潜かん工,岐阜県,27100
35,2015/02/01,潜かん世話役,岐阜県,32100
36,2015/02/01,さく岩工,岐阜県,23500
37,2015/02/01,トンネル特殊工,岐阜県,26100
38,2015/02/01,トンネル作業員,岐阜県,21700
39,2015/02/01,トンネル世話役,岐阜県,28000
40,2015/02/01,橋りょう特殊工,岐阜県,25200
41,2015/02/01,橋りょう塗装工,岐阜県,27300
42,2015/02/01,橋りょう世話役,岐阜県,28300
43,2015/02/01,土木一般世話役,岐阜県,21900
44,2015/02/01,高級船員,岐阜県,25100
45,2015/02/01,普通船員,岐阜県,20200
46,2015/02/01,潜水士,岐阜県,32000
47,2015/02/01,潜水連絡員,岐阜県,20900
48,2015/02/01,潜水送気員,岐阜県,20500
49,2015/02/01,山林砂防工,岐阜県,25200
50,2015/02/01,軌道工,岐阜県,32800
51,2015/02/01,型わく工,岐阜県,22400
52,2015/02/01,大工,岐阜県,22600
53,2015/02/01,左官,岐阜県,20300
54,2015/02/01,配管工,岐阜県,18900
55,2015/02/01,はつり工,岐阜県,21500
56,2015/02/01,防水工,岐阜県,20700
57,2015/02/01,板金工,岐阜県,20600
58,2015/02/01,タイル工,岐阜県,
59,2015/02/01,サッシ工,岐阜県,21600
60,2015/02/01,内装工,岐阜県,21100
61,2015/02/01,ガラス工,岐阜県,20600
62,2015/02/01,建具工,岐阜県,19200
63,2015/02/01,ダクト工,岐阜県,18100
64,2015/02/01,保温工,岐阜県,21500
65,2015/02/01,設備機械工,岐阜県,22200
66,2015/02/01,交通誘導警備員A,岐阜県,11500
67,2015/02/01,交通誘導警備員B,岐阜県,10300
20,2015/02/01,特殊作業員,静岡県,19400
21,2015/02/01,普通作業員,静岡県,18400
22,2015/02/01,軽作業員,静岡県,11800
23,2015/02/01,造園工,静岡県,18600
24,2015/02/01,法面工,静岡県,22200
25,2015/02/01,とび工,静岡県,21100
26,2015/02/01,石工,静岡県,25000
27,2015/02/01,ブロック工,静岡県,25500
28,2015/02/01,電工,静岡県,20400
29,2015/02/01,鉄筋工,静岡県,21400
30,2015/02/01,鉄骨工,静岡県,22500
31,2015/02/01,塗装工,静岡県,22500
32,2015/02/01,溶接工,静岡県,25000
33,2015/02/01,運転手（特殊）,静岡県,19900
34,2015/02/01,運転手（一般）,静岡県,17300
35,2015/02/01,潜かん工,静岡県,27100
36,2015/02/01,潜かん世話役,静岡県,32000
37,2015/02/01,さく岩工,静岡県,23400
38,2015/02/01,トンネル特殊工,静岡県,27300
39,2015/02/01,トンネル作業員,静岡県,21400
40,2015/02/01,トンネル世話役,静岡県,28000
41,2015/02/01,橋りょう特殊工,静岡県,25900
42,2015/02/01,橋りょう塗装工,静岡県,27300
43,2015/02/01,橋りょう世話役,静岡県,28500
44,2015/02/01,土木一般世話役,静岡県,22100
45,2015/02/01,高級船員,静岡県,25100
46,2015/02/01,普通船員,静岡県,20200
47,2015/02/01,潜水士,静岡県,36400
48,2015/02/01,潜水連絡員,静岡県,22700
49,2015/02/01,潜水送気員,静岡県,23300
50,2015/02/01,山林砂防工,静岡県,25200
51,2015/02/01,軌道工,静岡県,35100
52,2015/02/01,型わく工,静岡県,21100
53,2015/02/01,大工,静岡県,
54,2015/02/01,左官,静岡県,21500
55,2015/02/01,配管工,静岡県,19300
56,2015/02/01,はつり工,静岡県,21400
57,2015/02/01,防水工,静岡県,22800
58,2015/02/01,板金工,静岡県,21500
59,2015/02/01,タイル工,静岡県,
60,2015/02/01,サッシ工,静岡県,21400
61,2015/02/01,内装工,静岡県,26400
62,2015/02/01,ガラス工,静岡県,20600
63,2015/02/01,建具工,静岡県,19200
64,2015/02/01,ダクト工,静岡県,19800
65,2015/02/01,保温工,静岡県,21400
66,2015/02/01,設備機械工,静岡県,22200
67,2015/02/01,交通誘導警備員A,静岡県,11900
68,2015/02/01,交通誘導警備員B,静岡県,10100
21,2015/02/01,特殊作業員,愛知県,20400
22,2015/02/01,普通作業員,愛知県,17500
23,2015/02/01,軽作業員,愛知県,13400
24,2015/02/01,造園工,愛知県,18800
25,2015/02/01,法面工,愛知県,23400
26,2015/02/01,とび工,愛知県,22500
27,2015/02/01,石工,愛知県,
28,2015/02/01,ブロック工,愛知県,25500
29,2015/02/01,電工,愛知県,19400
30,2015/02/01,鉄筋工,愛知県,20900
31,2015/02/01,鉄骨工,愛知県,21100
32,2015/02/01,塗装工,愛知県,22100
33,2015/02/01,溶接工,愛知県,24400
34,2015/02/01,運転手（特殊）,愛知県,20100
35,2015/02/01,運転手（一般）,愛知県,18100
36,2015/02/01,潜かん工,愛知県,27100
37,2015/02/01,潜かん世話役,愛知県,32100
38,2015/02/01,さく岩工,愛知県,23500
39,2015/02/01,トンネル特殊工,愛知県,26800
40,2015/02/01,トンネル作業員,愛知県,21500
41,2015/02/01,トンネル世話役,愛知県,28000
42,2015/02/01,橋りょう特殊工,愛知県,25100
43,2015/02/01,橋りょう塗装工,愛知県,27300
44,2015/02/01,橋りょう世話役,愛知県,27900
45,2015/02/01,土木一般世話役,愛知県,21900
46,2015/02/01,高級船員,愛知県,25100
47,2015/02/01,普通船員,愛知県,20200
48,2015/02/01,潜水士,愛知県,34300
49,2015/02/01,潜水連絡員,愛知県,22200
50,2015/02/01,潜水送気員,愛知県,20800
51,2015/02/01,山林砂防工,愛知県,25200
52,2015/02/01,軌道工,愛知県,33400
53,2015/02/01,型わく工,愛知県,22700
54,2015/02/01,大工,愛知県,
55,2015/02/01,左官,愛知県,20900
56,2015/02/01,配管工,愛知県,19500
57,2015/02/01,はつり工,愛知県,21500
58,2015/02/01,防水工,愛知県,22400
59,2015/02/01,板金工,愛知県,20900
60,2015/02/01,タイル工,愛知県,
61,2015/02/01,サッシ工,愛知県,21400
62,2015/02/01,内装工,愛知県,
63,2015/02/01,ガラス工,愛知県,20600
64,2015/02/01,建具工,愛知県,19200
65,2015/02/01,ダクト工,愛知県,18700
66,2015/02/01,保温工,愛知県,21500
67,2015/02/01,設備機械工,愛知県,22200
68,2015/02/01,交通誘導警備員A,愛知県,12200
69,2015/02/01,交通誘導警備員B,愛知県,10500
22,2015/02/01,特殊作業員,三重県,19500
23,2015/02/01,普通作業員,三重県,16900
24,2015/02/01,軽作業員,三重県,12600
25,2015/02/01,造園工,三重県,18800
26,2015/02/01,法面工,三重県,23000
27,2015/02/01,とび工,三重県,23000
28,2015/02/01,石工,三重県,26100
29,2015/02/01,ブロック工,三重県,23200
30,2015/02/01,電工,三重県,19300
31,2015/02/01,鉄筋工,三重県,21100
32,2015/02/01,鉄骨工,三重県,21900
33,2015/02/01,塗装工,三重県,21500
34,2015/02/01,溶接工,三重県,24000
35,2015/02/01,運転手（特殊）,三重県,18900
36,2015/02/01,運転手（一般）,三重県,17400
37,2015/02/01,潜かん工,三重県,27100
38,2015/02/01,潜かん世話役,三重県,32100
39,2015/02/01,さく岩工,三重県,23500
40,2015/02/01,トンネル特殊工,三重県,25100
41,2015/02/01,トンネル作業員,三重県,21500
42,2015/02/01,トンネル世話役,三重県,28100
43,2015/02/01,橋りょう特殊工,三重県,25100
44,2015/02/01,橋りょう塗装工,三重県,27300
45,2015/02/01,橋りょう世話役,三重県,28900
46,2015/02/01,土木一般世話役,三重県,21000
47,2015/02/01,高級船員,三重県,24900
48,2015/02/01,普通船員,三重県,20000
49,2015/02/01,潜水士,三重県,34300
50,2015/02/01,潜水連絡員,三重県,21600
51,2015/02/01,潜水送気員,三重県,20700
52,2015/02/01,山林砂防工,三重県,25000
53,2015/02/01,軌道工,三重県,34400
54,2015/02/01,型わく工,三重県,21100
55,2015/02/01,大工,三重県,
56,2015/02/01,左官,三重県,20400
57,2015/02/01,配管工,三重県,19800
58,2015/02/01,はつり工,三重県,21500
59,2015/02/01,防水工,三重県,22200
60,2015/02/01,板金工,三重県,22300
61,2015/02/01,タイル工,三重県,
62,2015/02/01,サッシ工,三重県,21700
63,2015/02/01,内装工,三重県,
64,2015/02/01,ガラス工,三重県,20600
65,2015/02/01,建具工,三重県,19200
66,2015/02/01,ダクト工,三重県,18800
67,2015/02/01,保温工,三重県,21500
68,2015/02/01,設備機械工,三重県,22100
69,2015/02/01,交通誘導警備員A,三重県,11600
70,2015/02/01,交通誘導警備員B,三重県,10000
23,2015/02/01,特殊作業員,福井県,18400
24,2015/02/01,普通作業員,福井県,15200
25,2015/02/01,軽作業員,福井県,11400
26,2015/02/01,造園工,福井県,18100
27,2015/02/01,法面工,福井県,21100
28,2015/02/01,とび工,福井県,19800
29,2015/02/01,石工,福井県,
30,2015/02/01,ブロック工,福井県,
31,2015/02/01,電工,福井県,18500
32,2015/02/01,鉄筋工,福井県,19200
33,2015/02/01,鉄骨工,福井県,19600
34,2015/02/01,塗装工,福井県,21300
35,2015/02/01,溶接工,福井県,21100
36,2015/02/01,運転手（特殊）,福井県,17700
37,2015/02/01,運転手（一般）,福井県,17300
38,2015/02/01,潜かん工,福井県,26600
39,2015/02/01,潜かん世話役,福井県,31500
40,2015/02/01,さく岩工,福井県,21300
41,2015/02/01,トンネル特殊工,福井県,24800
42,2015/02/01,トンネル作業員,福井県,19600
43,2015/02/01,トンネル世話役,福井県,27300
44,2015/02/01,橋りょう特殊工,福井県,25100
45,2015/02/01,橋りょう塗装工,福井県,26300
46,2015/02/01,橋りょう世話役,福井県,29200
47,2015/02/01,土木一般世話役,福井県,20200
48,2015/02/01,高級船員,福井県,23400
49,2015/02/01,普通船員,福井県,19100
50,2015/02/01,潜水士,福井県,29100
51,2015/02/01,潜水連絡員,福井県,21100
52,2015/02/01,潜水送気員,福井県,21000
53,2015/02/01,山林砂防工,福井県,21300
54,2015/02/01,軌道工,福井県,31800
55,2015/02/01,型わく工,福井県,19600
56,2015/02/01,大工,福井県,18700
57,2015/02/01,左官,福井県,18600
58,2015/02/01,配管工,福井県,17900
59,2015/02/01,はつり工,福井県,20700
60,2015/02/01,防水工,福井県,20400
61,2015/02/01,板金工,福井県,20100
62,2015/02/01,タイル工,福井県,
63,2015/02/01,サッシ工,福井県,19400
64,2015/02/01,内装工,福井県,20700
65,2015/02/01,ガラス工,福井県,19900
66,2015/02/01,建具工,福井県,18600
67,2015/02/01,ダクト工,福井県,17800
68,2015/02/01,保温工,福井県,21300
69,2015/02/01,設備機械工,福井県,21200
70,2015/02/01,交通誘導警備員A,福井県,11500
71,2015/02/01,交通誘導警備員B,福井県,9900
24,2015/02/01,特殊作業員,滋賀県,17800
25,2015/02/01,普通作業員,滋賀県,16000
26,2015/02/01,軽作業員,滋賀県,12100
27,2015/02/01,造園工,滋賀県,18300
28,2015/02/01,法面工,滋賀県,22200
29,2015/02/01,とび工,滋賀県,21100
30,2015/02/01,石工,滋賀県,
31,2015/02/01,ブロック工,滋賀県,
32,2015/02/01,電工,滋賀県,18900
33,2015/02/01,鉄筋工,滋賀県,20400
34,2015/02/01,鉄骨工,滋賀県,19400
35,2015/02/01,塗装工,滋賀県,20700
36,2015/02/01,溶接工,滋賀県,22300
37,2015/02/01,運転手（特殊）,滋賀県,18000
38,2015/02/01,運転手（一般）,滋賀県,16000
39,2015/02/01,潜かん工,滋賀県,26500
40,2015/02/01,潜かん世話役,滋賀県,31400
41,2015/02/01,さく岩工,滋賀県,21200
42,2015/02/01,トンネル特殊工,滋賀県,26200
43,2015/02/01,トンネル作業員,滋賀県,19400
44,2015/02/01,トンネル世話役,滋賀県,27200
45,2015/02/01,橋りょう特殊工,滋賀県,24900
46,2015/02/01,橋りょう塗装工,滋賀県,26200
47,2015/02/01,橋りょう世話役,滋賀県,28900
48,2015/02/01,土木一般世話役,滋賀県,20400
49,2015/02/01,高級船員,滋賀県,23400
50,2015/02/01,普通船員,滋賀県,19100
51,2015/02/01,潜水士,滋賀県,29500
52,2015/02/01,潜水連絡員,滋賀県,
53,2015/02/01,潜水送気員,滋賀県,20900
54,2015/02/01,山林砂防工,滋賀県,21300
55,2015/02/01,軌道工,滋賀県,32000
56,2015/02/01,型わく工,滋賀県,19300
57,2015/02/01,大工,滋賀県,
58,2015/02/01,左官,滋賀県,19300
59,2015/02/01,配管工,滋賀県,18300
60,2015/02/01,はつり工,滋賀県,20600
61,2015/02/01,防水工,滋賀県,21100
62,2015/02/01,板金工,滋賀県,
63,2015/02/01,タイル工,滋賀県,
64,2015/02/01,サッシ工,滋賀県,20800
65,2015/02/01,内装工,滋賀県,21200
66,2015/02/01,ガラス工,滋賀県,19800
67,2015/02/01,建具工,滋賀県,18600
68,2015/02/01,ダクト工,滋賀県,17800
69,2015/02/01,保温工,滋賀県,21200
70,2015/02/01,設備機械工,滋賀県,21200
71,2015/02/01,交通誘導警備員A,滋賀県,11000
72,2015/02/01,交通誘導警備員B,滋賀県,9000
25,2015/02/01,特殊作業員,京都府,18200
26,2015/02/01,普通作業員,京都府,16700
27,2015/02/01,軽作業員,京都府,11900
28,2015/02/01,造園工,京都府,18800
29,2015/02/01,法面工,京都府,21500
30,2015/02/01,とび工,京都府,20800
31,2015/02/01,石工,京都府,
32,2015/02/01,ブロック工,京都府,
33,2015/02/01,電工,京都府,18500
34,2015/02/01,鉄筋工,京都府,20400
35,2015/02/01,鉄骨工,京都府,19600
36,2015/02/01,塗装工,京都府,21200
37,2015/02/01,溶接工,京都府,22100
38,2015/02/01,運転手（特殊）,京都府,17900
39,2015/02/01,運転手（一般）,京都府,15800
40,2015/02/01,潜かん工,京都府,26500
41,2015/02/01,潜かん世話役,京都府,31400
42,2015/02/01,さく岩工,京都府,21200
43,2015/02/01,トンネル特殊工,京都府,24400
44,2015/02/01,トンネル作業員,京都府,19400
45,2015/02/01,トンネル世話役,京都府,27200
46,2015/02/01,橋りょう特殊工,京都府,24900
47,2015/02/01,橋りょう塗装工,京都府,26200
48,2015/02/01,橋りょう世話役,京都府,28900
49,2015/02/01,土木一般世話役,京都府,20500
50,2015/02/01,高級船員,京都府,23400
51,2015/02/01,普通船員,京都府,19100
52,2015/02/01,潜水士,京都府,29100
53,2015/02/01,潜水連絡員,京都府,
54,2015/02/01,潜水送気員,京都府,20700
55,2015/02/01,山林砂防工,京都府,21300
56,2015/02/01,軌道工,京都府,32500
57,2015/02/01,型わく工,京都府,20900
58,2015/02/01,大工,京都府,
59,2015/02/01,左官,京都府,20400
60,2015/02/01,配管工,京都府,18600
61,2015/02/01,はつり工,京都府,20600
62,2015/02/01,防水工,京都府,21100
63,2015/02/01,板金工,京都府,
64,2015/02/01,タイル工,京都府,
65,2015/02/01,サッシ工,京都府,21100
66,2015/02/01,内装工,京都府,21300
67,2015/02/01,ガラス工,京都府,19800
68,2015/02/01,建具工,京都府,18600
69,2015/02/01,ダクト工,京都府,17600
70,2015/02/01,保温工,京都府,21200
71,2015/02/01,設備機械工,京都府,21200
72,2015/02/01,交通誘導警備員A,京都府,11100
73,2015/02/01,交通誘導警備員B,京都府,9000
26,2015/02/01,特殊作業員,大阪府,19100
27,2015/02/01,普通作業員,大阪府,16400
28,2015/02/01,軽作業員,大阪府,11800
29,2015/02/01,造園工,大阪府,18800
30,2015/02/01,法面工,大阪府,22300
31,2015/02/01,とび工,大阪府,22200
32,2015/02/01,石工,大阪府,
33,2015/02/01,ブロック工,大阪府,
34,2015/02/01,電工,大阪府,19600
35,2015/02/01,鉄筋工,大阪府,20500
36,2015/02/01,鉄骨工,大阪府,19900
37,2015/02/01,塗装工,大阪府,21900
38,2015/02/01,溶接工,大阪府,21800
39,2015/02/01,運転手（特殊）,大阪府,19200
40,2015/02/01,運転手（一般）,大阪府,16000
41,2015/02/01,潜かん工,大阪府,26500
42,2015/02/01,潜かん世話役,大阪府,31300
43,2015/02/01,さく岩工,大阪府,21200
44,2015/02/01,トンネル特殊工,大阪府,24100
45,2015/02/01,トンネル作業員,大阪府,20000
46,2015/02/01,トンネル世話役,大阪府,27200
47,2015/02/01,橋りょう特殊工,大阪府,25200
48,2015/02/01,橋りょう塗装工,大阪府,26200
49,2015/02/01,橋りょう世話役,大阪府,29500
50,2015/02/01,土木一般世話役,大阪府,21500
51,2015/02/01,高級船員,大阪府,23400
52,2015/02/01,普通船員,大阪府,19100
53,2015/02/01,潜水士,大阪府,29900
54,2015/02/01,潜水連絡員,大阪府,
55,2015/02/01,潜水送気員,大阪府,21100
56,2015/02/01,山林砂防工,大阪府,21300
57,2015/02/01,軌道工,大阪府,33100
58,2015/02/01,型わく工,大阪府,22100
59,2015/02/01,大工,大阪府,
60,2015/02/01,左官,大阪府,20500
61,2015/02/01,配管工,大阪府,19500
62,2015/02/01,はつり工,大阪府,20500
63,2015/02/01,防水工,大阪府,21200
64,2015/02/01,板金工,大阪府,
65,2015/02/01,タイル工,大阪府,
66,2015/02/01,サッシ工,大阪府,
67,2015/02/01,内装工,大阪府,21300
68,2015/02/01,ガラス工,大阪府,19800
69,2015/02/01,建具工,大阪府,18600
70,2015/02/01,ダクト工,大阪府,17600
71,2015/02/01,保温工,大阪府,21200
72,2015/02/01,設備機械工,大阪府,21200
73,2015/02/01,交通誘導警備員A,大阪府,10900
74,2015/02/01,交通誘導警備員B,大阪府,9200
27,2015/02/01,特殊作業員,兵庫県,17500
28,2015/02/01,普通作業員,兵庫県,16600
29,2015/02/01,軽作業員,兵庫県,11200
30,2015/02/01,造園工,兵庫県,18300
31,2015/02/01,法面工,兵庫県,21100
32,2015/02/01,とび工,兵庫県,21100
33,2015/02/01,石工,兵庫県,
34,2015/02/01,ブロック工,兵庫県,
35,2015/02/01,電工,兵庫県,19000
36,2015/02/01,鉄筋工,兵庫県,19600
37,2015/02/01,鉄骨工,兵庫県,18800
38,2015/02/01,塗装工,兵庫県,20000
39,2015/02/01,溶接工,兵庫県,21500
40,2015/02/01,運転手（特殊）,兵庫県,17900
41,2015/02/01,運転手（一般）,兵庫県,16000
42,2015/02/01,潜かん工,兵庫県,26500
43,2015/02/01,潜かん世話役,兵庫県,31400
44,2015/02/01,さく岩工,兵庫県,21200
45,2015/02/01,トンネル特殊工,兵庫県,23300
46,2015/02/01,トンネル作業員,兵庫県,20400
47,2015/02/01,トンネル世話役,兵庫県,27200
48,2015/02/01,橋りょう特殊工,兵庫県,25200
49,2015/02/01,橋りょう塗装工,兵庫県,26200
50,2015/02/01,橋りょう世話役,兵庫県,29100
51,2015/02/01,土木一般世話役,兵庫県,20300
52,2015/02/01,高級船員,兵庫県,24000
53,2015/02/01,普通船員,兵庫県,19100
54,2015/02/01,潜水士,兵庫県,30700
55,2015/02/01,潜水連絡員,兵庫県,22300
56,2015/02/01,潜水送気員,兵庫県,21500
57,2015/02/01,山林砂防工,兵庫県,21300
58,2015/02/01,軌道工,兵庫県,31600
59,2015/02/01,型わく工,兵庫県,20700
60,2015/02/01,大工,兵庫県,19400
61,2015/02/01,左官,兵庫県,19600
62,2015/02/01,配管工,兵庫県,17700
63,2015/02/01,はつり工,兵庫県,20600
64,2015/02/01,防水工,兵庫県,20400
65,2015/02/01,板金工,兵庫県,19400
66,2015/02/01,タイル工,兵庫県,
67,2015/02/01,サッシ工,兵庫県,
68,2015/02/01,内装工,兵庫県,21300
69,2015/02/01,ガラス工,兵庫県,19800
70,2015/02/01,建具工,兵庫県,18600
71,2015/02/01,ダクト工,兵庫県,17500
72,2015/02/01,保温工,兵庫県,21200
73,2015/02/01,設備機械工,兵庫県,21200
74,2015/02/01,交通誘導警備員A,兵庫県,11200
75,2015/02/01,交通誘導警備員B,兵庫県,9200
28,2015/02/01,特殊作業員,奈良県,19500
29,2015/02/01,普通作業員,奈良県,16800
30,2015/02/01,軽作業員,奈良県,12500
31,2015/02/01,造園工,奈良県,19700
32,2015/02/01,法面工,奈良県,22100
33,2015/02/01,とび工,奈良県,21600
34,2015/02/01,石工,奈良県,
35,2015/02/01,ブロック工,奈良県,
36,2015/02/01,電工,奈良県,18900
37,2015/02/01,鉄筋工,奈良県,20900
38,2015/02/01,鉄骨工,奈良県,19900
39,2015/02/01,塗装工,奈良県,21700
40,2015/02/01,溶接工,奈良県,23000
41,2015/02/01,運転手（特殊）,奈良県,18600
42,2015/02/01,運転手（一般）,奈良県,16400
43,2015/02/01,潜かん工,奈良県,26500
44,2015/02/01,潜かん世話役,奈良県,31400
45,2015/02/01,さく岩工,奈良県,21200
46,2015/02/01,トンネル特殊工,奈良県,23900
47,2015/02/01,トンネル作業員,奈良県,20300
48,2015/02/01,トンネル世話役,奈良県,27200
49,2015/02/01,橋りょう特殊工,奈良県,24900
50,2015/02/01,橋りょう塗装工,奈良県,26200
51,2015/02/01,橋りょう世話役,奈良県,28800
52,2015/02/01,土木一般世話役,奈良県,21600
53,2015/02/01,高級船員,奈良県,24500
54,2015/02/01,普通船員,奈良県,19100
55,2015/02/01,潜水士,奈良県,29200
56,2015/02/01,潜水連絡員,奈良県,
57,2015/02/01,潜水送気員,奈良県,21000
58,2015/02/01,山林砂防工,奈良県,21300
59,2015/02/01,軌道工,奈良県,34200
60,2015/02/01,型わく工,奈良県,21900
61,2015/02/01,大工,奈良県,
62,2015/02/01,左官,奈良県,21000
63,2015/02/01,配管工,奈良県,19500
64,2015/02/01,はつり工,奈良県,20600
65,2015/02/01,防水工,奈良県,21100
66,2015/02/01,板金工,奈良県,
67,2015/02/01,タイル工,奈良県,
68,2015/02/01,サッシ工,奈良県,21100
69,2015/02/01,内装工,奈良県,21400
70,2015/02/01,ガラス工,奈良県,19800
71,2015/02/01,建具工,奈良県,18600
72,2015/02/01,ダクト工,奈良県,18200
73,2015/02/01,保温工,奈良県,21200
74,2015/02/01,設備機械工,奈良県,21200
75,2015/02/01,交通誘導警備員A,奈良県,11300
76,2015/02/01,交通誘導警備員B,奈良県,9300
29,2015/02/01,特殊作業員,和歌山県,18900
30,2015/02/01,普通作業員,和歌山県,16600
31,2015/02/01,軽作業員,和歌山県,11800
32,2015/02/01,造園工,和歌山県,18500
33,2015/02/01,法面工,和歌山県,21400
34,2015/02/01,とび工,和歌山県,21400
35,2015/02/01,石工,和歌山県,
36,2015/02/01,ブロック工,和歌山県,
37,2015/02/01,電工,和歌山県,18500
38,2015/02/01,鉄筋工,和歌山県,20100
39,2015/02/01,鉄骨工,和歌山県,19500
40,2015/02/01,塗装工,和歌山県,21200
41,2015/02/01,溶接工,和歌山県,21900
42,2015/02/01,運転手（特殊）,和歌山県,17400
43,2015/02/01,運転手（一般）,和歌山県,15100
44,2015/02/01,潜かん工,和歌山県,26500
45,2015/02/01,潜かん世話役,和歌山県,31400
46,2015/02/01,さく岩工,和歌山県,21200
47,2015/02/01,トンネル特殊工,和歌山県,22800
48,2015/02/01,トンネル作業員,和歌山県,19400
49,2015/02/01,トンネル世話役,和歌山県,27200
50,2015/02/01,橋りょう特殊工,和歌山県,24900
51,2015/02/01,橋りょう塗装工,和歌山県,26200
52,2015/02/01,橋りょう世話役,和歌山県,28800
53,2015/02/01,土木一般世話役,和歌山県,20300
54,2015/02/01,高級船員,和歌山県,23400
55,2015/02/01,普通船員,和歌山県,19100
56,2015/02/01,潜水士,和歌山県,29100
57,2015/02/01,潜水連絡員,和歌山県,
58,2015/02/01,潜水送気員,和歌山県,20600
59,2015/02/01,山林砂防工,和歌山県,21300
60,2015/02/01,軌道工,和歌山県,32900
61,2015/02/01,型わく工,和歌山県,22100
62,2015/02/01,大工,和歌山県,
63,2015/02/01,左官,和歌山県,20600
64,2015/02/01,配管工,和歌山県,18300
65,2015/02/01,はつり工,和歌山県,20600
66,2015/02/01,防水工,和歌山県,20900
67,2015/02/01,板金工,和歌山県,
68,2015/02/01,タイル工,和歌山県,
69,2015/02/01,サッシ工,和歌山県,20900
70,2015/02/01,内装工,和歌山県,21300
71,2015/02/01,ガラス工,和歌山県,19800
72,2015/02/01,建具工,和歌山県,18600
73,2015/02/01,ダクト工,和歌山県,17500
74,2015/02/01,保温工,和歌山県,21200
75,2015/02/01,設備機械工,和歌山県,21200
76,2015/02/01,交通誘導警備員A,和歌山県,10700
77,2015/02/01,交通誘導警備員B,和歌山県,9000
30,2015/02/01,特殊作業員,鳥取県,16100
31,2015/02/01,普通作業員,鳥取県,12700
32,2015/02/01,軽作業員,鳥取県,11400
33,2015/02/01,造園工,鳥取県,16900
34,2015/02/01,法面工,鳥取県,19200
35,2015/02/01,とび工,鳥取県,18900
36,2015/02/01,石工,鳥取県,
37,2015/02/01,ブロック工,鳥取県,
38,2015/02/01,電工,鳥取県,16500
39,2015/02/01,鉄筋工,鳥取県,18800
40,2015/02/01,鉄骨工,鳥取県,18000
41,2015/02/01,塗装工,鳥取県,18700
42,2015/02/01,溶接工,鳥取県,19700
43,2015/02/01,運転手（特殊）,鳥取県,15000
44,2015/02/01,運転手（一般）,鳥取県,13100
45,2015/02/01,潜かん工,鳥取県,26900
46,2015/02/01,潜かん世話役,鳥取県,31900
47,2015/02/01,さく岩工,鳥取県,22000
48,2015/02/01,トンネル特殊工,鳥取県,27400
49,2015/02/01,トンネル作業員,鳥取県,20800
50,2015/02/01,トンネル世話役,鳥取県,27000
51,2015/02/01,橋りょう特殊工,鳥取県,22900
52,2015/02/01,橋りょう塗装工,鳥取県,23800
53,2015/02/01,橋りょう世話役,鳥取県,26300
54,2015/02/01,土木一般世話役,鳥取県,18700
55,2015/02/01,高級船員,鳥取県,23400
56,2015/02/01,普通船員,鳥取県,18700
57,2015/02/01,潜水士,鳥取県,32400
58,2015/02/01,潜水連絡員,鳥取県,25400
59,2015/02/01,潜水送気員,鳥取県,23500
60,2015/02/01,山林砂防工,鳥取県,
61,2015/02/01,軌道工,鳥取県,28800
62,2015/02/01,型わく工,鳥取県,18500
63,2015/02/01,大工,鳥取県,18800
64,2015/02/01,左官,鳥取県,18000
65,2015/02/01,配管工,鳥取県,16400
66,2015/02/01,はつり工,鳥取県,18700
67,2015/02/01,防水工,鳥取県,20200
68,2015/02/01,板金工,鳥取県,19200
69,2015/02/01,タイル工,鳥取県,
70,2015/02/01,サッシ工,鳥取県,
71,2015/02/01,内装工,鳥取県,19400
72,2015/02/01,ガラス工,鳥取県,18200
73,2015/02/01,建具工,鳥取県,15600
74,2015/02/01,ダクト工,鳥取県,16700
75,2015/02/01,保温工,鳥取県,18700
76,2015/02/01,設備機械工,鳥取県,18900
77,2015/02/01,交通誘導警備員A,鳥取県,11000
78,2015/02/01,交通誘導警備員B,鳥取県,8800
31,2015/02/01,特殊作業員,島根県,16300
32,2015/02/01,普通作業員,島根県,13900
33,2015/02/01,軽作業員,島根県,11000
34,2015/02/01,造園工,島根県,16400
35,2015/02/01,法面工,島根県,18500
36,2015/02/01,とび工,島根県,18800
37,2015/02/01,石工,島根県,
38,2015/02/01,ブロック工,島根県,
39,2015/02/01,電工,島根県,16400
40,2015/02/01,鉄筋工,島根県,18100
41,2015/02/01,鉄骨工,島根県,17500
42,2015/02/01,塗装工,島根県,17300
43,2015/02/01,溶接工,島根県,18200
44,2015/02/01,運転手（特殊）,島根県,16300
45,2015/02/01,運転手（一般）,島根県,13300
46,2015/02/01,潜かん工,島根県,26900
47,2015/02/01,潜かん世話役,島根県,31900
48,2015/02/01,さく岩工,島根県,22000
49,2015/02/01,トンネル特殊工,島根県,26900
50,2015/02/01,トンネル作業員,島根県,20400
51,2015/02/01,トンネル世話役,島根県,27000
52,2015/02/01,橋りょう特殊工,島根県,22900
53,2015/02/01,橋りょう塗装工,島根県,23800
54,2015/02/01,橋りょう世話役,島根県,26100
55,2015/02/01,土木一般世話役,島根県,18100
56,2015/02/01,高級船員,島根県,23400
57,2015/02/01,普通船員,島根県,17900
58,2015/02/01,潜水士,島根県,32500
59,2015/02/01,潜水連絡員,島根県,26800
60,2015/02/01,潜水送気員,島根県,23700
61,2015/02/01,山林砂防工,島根県,
62,2015/02/01,軌道工,島根県,24100
63,2015/02/01,型わく工,島根県,17900
64,2015/02/01,大工,島根県,19000
65,2015/02/01,左官,島根県,17400
66,2015/02/01,配管工,島根県,16700
67,2015/02/01,はつり工,島根県,18700
68,2015/02/01,防水工,島根県,19200
69,2015/02/01,板金工,島根県,18800
70,2015/02/01,タイル工,島根県,
71,2015/02/01,サッシ工,島根県,
72,2015/02/01,内装工,島根県,18900
73,2015/02/01,ガラス工,島根県,18200
74,2015/02/01,建具工,島根県,15600
75,2015/02/01,ダクト工,島根県,17300
76,2015/02/01,保温工,島根県,18700
77,2015/02/01,設備機械工,島根県,18900
78,2015/02/01,交通誘導警備員A,島根県,11000
79,2015/02/01,交通誘導警備員B,島根県,9400
32,2015/02/01,特殊作業員,岡山県,17200
33,2015/02/01,普通作業員,岡山県,15300
34,2015/02/01,軽作業員,岡山県,11700
35,2015/02/01,造園工,岡山県,17100
36,2015/02/01,法面工,岡山県,19700
37,2015/02/01,とび工,岡山県,19600
38,2015/02/01,石工,岡山県,
39,2015/02/01,ブロック工,岡山県,
40,2015/02/01,電工,岡山県,17600
41,2015/02/01,鉄筋工,岡山県,19200
42,2015/02/01,鉄骨工,岡山県,18300
43,2015/02/01,塗装工,岡山県,18600
44,2015/02/01,溶接工,岡山県,19800
45,2015/02/01,運転手（特殊）,岡山県,17500
46,2015/02/01,運転手（一般）,岡山県,15100
47,2015/02/01,潜かん工,岡山県,27000
48,2015/02/01,潜かん世話役,岡山県,31900
49,2015/02/01,さく岩工,岡山県,22000
50,2015/02/01,トンネル特殊工,岡山県,25400
51,2015/02/01,トンネル作業員,岡山県,21000
52,2015/02/01,トンネル世話役,岡山県,27100
53,2015/02/01,橋りょう特殊工,岡山県,23100
54,2015/02/01,橋りょう塗装工,岡山県,23800
55,2015/02/01,橋りょう世話役,岡山県,26200
56,2015/02/01,土木一般世話役,岡山県,19400
57,2015/02/01,高級船員,岡山県,23500
58,2015/02/01,普通船員,岡山県,18700
59,2015/02/01,潜水士,岡山県,32400
60,2015/02/01,潜水連絡員,岡山県,25500
61,2015/02/01,潜水送気員,岡山県,23600
62,2015/02/01,山林砂防工,岡山県,
63,2015/02/01,軌道工,岡山県,27500
64,2015/02/01,型わく工,岡山県,19100
65,2015/02/01,大工,岡山県,18800
66,2015/02/01,左官,岡山県,18300
67,2015/02/01,配管工,岡山県,17100
68,2015/02/01,はつり工,岡山県,18700
69,2015/02/01,防水工,岡山県,20500
70,2015/02/01,板金工,岡山県,19100
71,2015/02/01,タイル工,岡山県,
72,2015/02/01,サッシ工,岡山県,
73,2015/02/01,内装工,岡山県,19800
74,2015/02/01,ガラス工,岡山県,18200
75,2015/02/01,建具工,岡山県,15600
76,2015/02/01,ダクト工,岡山県,16700
77,2015/02/01,保温工,岡山県,18700
78,2015/02/01,設備機械工,岡山県,18900
79,2015/02/01,交通誘導警備員A,岡山県,11400
80,2015/02/01,交通誘導警備員B,岡山県,9500
33,2015/02/01,特殊作業員,広島県,17500
34,2015/02/01,普通作業員,広島県,15500
35,2015/02/01,軽作業員,広島県,11500
36,2015/02/01,造園工,広島県,16400
37,2015/02/01,法面工,広島県,19900
38,2015/02/01,とび工,広島県,19500
39,2015/02/01,石工,広島県,
40,2015/02/01,ブロック工,広島県,
41,2015/02/01,電工,広島県,16600
42,2015/02/01,鉄筋工,広島県,19100
43,2015/02/01,鉄骨工,広島県,18200
44,2015/02/01,塗装工,広島県,17700
45,2015/02/01,溶接工,広島県,18300
46,2015/02/01,運転手（特殊）,広島県,17900
47,2015/02/01,運転手（一般）,広島県,15100
48,2015/02/01,潜かん工,広島県,27000
49,2015/02/01,潜かん世話役,広島県,31900
50,2015/02/01,さく岩工,広島県,22000
51,2015/02/01,トンネル特殊工,広島県,26300
52,2015/02/01,トンネル作業員,広島県,20200
53,2015/02/01,トンネル世話役,広島県,27100
54,2015/02/01,橋りょう特殊工,広島県,23100
55,2015/02/01,橋りょう塗装工,広島県,23800
56,2015/02/01,橋りょう世話役,広島県,26300
57,2015/02/01,土木一般世話役,広島県,18800
58,2015/02/01,高級船員,広島県,23500
59,2015/02/01,普通船員,広島県,18300
60,2015/02/01,潜水士,広島県,32900
61,2015/02/01,潜水連絡員,広島県,27100
62,2015/02/01,潜水送気員,広島県,23900
63,2015/02/01,山林砂防工,広島県,
64,2015/02/01,軌道工,広島県,24200
65,2015/02/01,型わく工,広島県,18700
66,2015/02/01,大工,広島県,19000
67,2015/02/01,左官,広島県,18000
68,2015/02/01,配管工,広島県,17000
69,2015/02/01,はつり工,広島県,18700
70,2015/02/01,防水工,広島県,19800
71,2015/02/01,板金工,広島県,18700
72,2015/02/01,タイル工,広島県,
73,2015/02/01,サッシ工,広島県,
74,2015/02/01,内装工,広島県,19000
75,2015/02/01,ガラス工,広島県,18200
76,2015/02/01,建具工,広島県,15600
77,2015/02/01,ダクト工,広島県,17200
78,2015/02/01,保温工,広島県,18700
79,2015/02/01,設備機械工,広島県,18900
80,2015/02/01,交通誘導警備員A,広島県,11400
81,2015/02/01,交通誘導警備員B,広島県,9700
34,2015/02/01,特殊作業員,山口県,16300
35,2015/02/01,普通作業員,山口県,14500
36,2015/02/01,軽作業員,山口県,11100
37,2015/02/01,造園工,山口県,16600
38,2015/02/01,法面工,山口県,19300
39,2015/02/01,とび工,山口県,19400
40,2015/02/01,石工,山口県,
41,2015/02/01,ブロック工,山口県,
42,2015/02/01,電工,山口県,16900
43,2015/02/01,鉄筋工,山口県,18600
44,2015/02/01,鉄骨工,山口県,17800
45,2015/02/01,塗装工,山口県,17000
46,2015/02/01,溶接工,山口県,18600
47,2015/02/01,運転手（特殊）,山口県,16300
48,2015/02/01,運転手（一般）,山口県,14400
49,2015/02/01,潜かん工,山口県,27100
50,2015/02/01,潜かん世話役,山口県,32000
51,2015/02/01,さく岩工,山口県,22100
52,2015/02/01,トンネル特殊工,山口県,25900
53,2015/02/01,トンネル作業員,山口県,20400
54,2015/02/01,トンネル世話役,山口県,27200
55,2015/02/01,橋りょう特殊工,山口県,23100
56,2015/02/01,橋りょう塗装工,山口県,23900
57,2015/02/01,橋りょう世話役,山口県,26200
58,2015/02/01,土木一般世話役,山口県,19300
59,2015/02/01,高級船員,山口県,23400
60,2015/02/01,普通船員,山口県,17900
61,2015/02/01,潜水士,山口県,32900
62,2015/02/01,潜水連絡員,山口県,27100
63,2015/02/01,潜水送気員,山口県,24000
64,2015/02/01,山林砂防工,山口県,
65,2015/02/01,軌道工,山口県,24300
66,2015/02/01,型わく工,山口県,17900
67,2015/02/01,大工,山口県,19100
68,2015/02/01,左官,山口県,17800
69,2015/02/01,配管工,山口県,17100
70,2015/02/01,はつり工,山口県,18800
71,2015/02/01,防水工,山口県,19500
72,2015/02/01,板金工,山口県,18800
73,2015/02/01,タイル工,山口県,
74,2015/02/01,サッシ工,山口県,
75,2015/02/01,内装工,山口県,19100
76,2015/02/01,ガラス工,山口県,18200
77,2015/02/01,建具工,山口県,15600
78,2015/02/01,ダクト工,山口県,17200
79,2015/02/01,保温工,山口県,18800
80,2015/02/01,設備機械工,山口県,18900
81,2015/02/01,交通誘導警備員A,山口県,11200
82,2015/02/01,交通誘導警備員B,山口県,9300
35,2015/02/01,特殊作業員,徳島県,17000
36,2015/02/01,普通作業員,徳島県,15500
37,2015/02/01,軽作業員,徳島県,11900
38,2015/02/01,造園工,徳島県,16400
39,2015/02/01,法面工,徳島県,23300
40,2015/02/01,とび工,徳島県,19100
41,2015/02/01,石工,徳島県,
42,2015/02/01,ブロック工,徳島県,
43,2015/02/01,電工,徳島県,17800
44,2015/02/01,鉄筋工,徳島県,18100
45,2015/02/01,鉄骨工,徳島県,18200
46,2015/02/01,塗装工,徳島県,17800
47,2015/02/01,溶接工,徳島県,20800
48,2015/02/01,運転手（特殊）,徳島県,15900
49,2015/02/01,運転手（一般）,徳島県,15100
50,2015/02/01,潜かん工,徳島県,27000
51,2015/02/01,潜かん世話役,徳島県,32000
52,2015/02/01,さく岩工,徳島県,20400
53,2015/02/01,トンネル特殊工,徳島県,25500
54,2015/02/01,トンネル作業員,徳島県,20800
55,2015/02/01,トンネル世話役,徳島県,26600
56,2015/02/01,橋りょう特殊工,徳島県,23100
57,2015/02/01,橋りょう塗装工,徳島県,24000
58,2015/02/01,橋りょう世話役,徳島県,25500
59,2015/02/01,土木一般世話役,徳島県,19000
60,2015/02/01,高級船員,徳島県,29100
61,2015/02/01,普通船員,徳島県,19800
62,2015/02/01,潜水士,徳島県,35300
63,2015/02/01,潜水連絡員,徳島県,
64,2015/02/01,潜水送気員,徳島県,18100
65,2015/02/01,山林砂防工,徳島県,19500
66,2015/02/01,軌道工,徳島県,
67,2015/02/01,型わく工,徳島県,18700
68,2015/02/01,大工,徳島県,
69,2015/02/01,左官,徳島県,19300
70,2015/02/01,配管工,徳島県,16800
71,2015/02/01,はつり工,徳島県,18300
72,2015/02/01,防水工,徳島県,19100
73,2015/02/01,板金工,徳島県,
74,2015/02/01,タイル工,徳島県,
75,2015/02/01,サッシ工,徳島県,
76,2015/02/01,内装工,徳島県,
77,2015/02/01,ガラス工,徳島県,17700
78,2015/02/01,建具工,徳島県,
79,2015/02/01,ダクト工,徳島県,
80,2015/02/01,保温工,徳島県,19900
81,2015/02/01,設備機械工,徳島県,17600
82,2015/02/01,交通誘導警備員A,徳島県,10800
83,2015/02/01,交通誘導警備員B,徳島県,9600
36,2015/02/01,特殊作業員,香川県,17800
37,2015/02/01,普通作業員,香川県,16400
38,2015/02/01,軽作業員,香川県,11900
39,2015/02/01,造園工,香川県,16800
40,2015/02/01,法面工,香川県,21800
41,2015/02/01,とび工,香川県,19200
42,2015/02/01,石工,香川県,
43,2015/02/01,ブロック工,香川県,
44,2015/02/01,電工,香川県,17700
45,2015/02/01,鉄筋工,香川県,18300
46,2015/02/01,鉄骨工,香川県,18300
47,2015/02/01,塗装工,香川県,17800
48,2015/02/01,溶接工,香川県,20900
49,2015/02/01,運転手（特殊）,香川県,17100
50,2015/02/01,運転手（一般）,香川県,15800
51,2015/02/01,潜かん工,香川県,27100
52,2015/02/01,潜かん世話役,香川県,32000
53,2015/02/01,さく岩工,香川県,20400
54,2015/02/01,トンネル特殊工,香川県,24800
55,2015/02/01,トンネル作業員,香川県,20700
56,2015/02/01,トンネル世話役,香川県,26600
57,2015/02/01,橋りょう特殊工,香川県,23000
58,2015/02/01,橋りょう塗装工,香川県,24000
59,2015/02/01,橋りょう世話役,香川県,25800
60,2015/02/01,土木一般世話役,香川県,19000
61,2015/02/01,高級船員,香川県,29100
62,2015/02/01,普通船員,香川県,20600
63,2015/02/01,潜水士,香川県,35900
64,2015/02/01,潜水連絡員,香川県,
65,2015/02/01,潜水送気員,香川県,18500
66,2015/02/01,山林砂防工,香川県,19500
67,2015/02/01,軌道工,香川県,
68,2015/02/01,型わく工,香川県,18600
69,2015/02/01,大工,香川県,
70,2015/02/01,左官,香川県,19300
71,2015/02/01,配管工,香川県,17600
72,2015/02/01,はつり工,香川県,18400
73,2015/02/01,防水工,香川県,19200
74,2015/02/01,板金工,香川県,
75,2015/02/01,タイル工,香川県,
76,2015/02/01,サッシ工,香川県,
77,2015/02/01,内装工,香川県,
78,2015/02/01,ガラス工,香川県,17700
79,2015/02/01,建具工,香川県,
80,2015/02/01,ダクト工,香川県,
81,2015/02/01,保温工,香川県,19900
82,2015/02/01,設備機械工,香川県,17600
83,2015/02/01,交通誘導警備員A,香川県,10900
84,2015/02/01,交通誘導警備員B,香川県,9600
37,2015/02/01,特殊作業員,愛媛県,16700
38,2015/02/01,普通作業員,愛媛県,14300
39,2015/02/01,軽作業員,愛媛県,11500
40,2015/02/01,造園工,愛媛県,16600
41,2015/02/01,法面工,愛媛県,21400
42,2015/02/01,とび工,愛媛県,19000
43,2015/02/01,石工,愛媛県,
44,2015/02/01,ブロック工,愛媛県,
45,2015/02/01,電工,愛媛県,17300
46,2015/02/01,鉄筋工,愛媛県,17300
47,2015/02/01,鉄骨工,愛媛県,18200
48,2015/02/01,塗装工,愛媛県,17700
49,2015/02/01,溶接工,愛媛県,20800
50,2015/02/01,運転手（特殊）,愛媛県,17300
51,2015/02/01,運転手（一般）,愛媛県,15400
52,2015/02/01,潜かん工,愛媛県,26900
53,2015/02/01,潜かん世話役,愛媛県,31900
54,2015/02/01,さく岩工,愛媛県,20300
55,2015/02/01,トンネル特殊工,愛媛県,24700
56,2015/02/01,トンネル作業員,愛媛県,20600
57,2015/02/01,トンネル世話役,愛媛県,26500
58,2015/02/01,橋りょう特殊工,愛媛県,22900
59,2015/02/01,橋りょう塗装工,愛媛県,23900
60,2015/02/01,橋りょう世話役,愛媛県,24900
61,2015/02/01,土木一般世話役,愛媛県,19800
62,2015/02/01,高級船員,愛媛県,29100
63,2015/02/01,普通船員,愛媛県,20100
64,2015/02/01,潜水士,愛媛県,35600
65,2015/02/01,潜水連絡員,愛媛県,
66,2015/02/01,潜水送気員,愛媛県,18200
67,2015/02/01,山林砂防工,愛媛県,19500
68,2015/02/01,軌道工,愛媛県,
69,2015/02/01,型わく工,愛媛県,18500
70,2015/02/01,大工,愛媛県,
71,2015/02/01,左官,愛媛県,19200
72,2015/02/01,配管工,愛媛県,17000
73,2015/02/01,はつり工,愛媛県,18300
74,2015/02/01,防水工,愛媛県,18900
75,2015/02/01,板金工,愛媛県,
76,2015/02/01,タイル工,愛媛県,
77,2015/02/01,サッシ工,愛媛県,
78,2015/02/01,内装工,愛媛県,
79,2015/02/01,ガラス工,愛媛県,17600
80,2015/02/01,建具工,愛媛県,
81,2015/02/01,ダクト工,愛媛県,
82,2015/02/01,保温工,愛媛県,19900
83,2015/02/01,設備機械工,愛媛県,17600
84,2015/02/01,交通誘導警備員A,愛媛県,10300
85,2015/02/01,交通誘導警備員B,愛媛県,8800
38,2015/02/01,特殊作業員,高知県,17300
39,2015/02/01,普通作業員,高知県,14700
40,2015/02/01,軽作業員,高知県,12300
41,2015/02/01,造園工,高知県,16900
42,2015/02/01,法面工,高知県,22300
43,2015/02/01,とび工,高知県,19300
44,2015/02/01,石工,高知県,
45,2015/02/01,ブロック工,高知県,
46,2015/02/01,電工,高知県,17300
47,2015/02/01,鉄筋工,高知県,17400
48,2015/02/01,鉄骨工,高知県,18300
49,2015/02/01,塗装工,高知県,18000
50,2015/02/01,溶接工,高知県,20900
51,2015/02/01,運転手（特殊）,高知県,17700
52,2015/02/01,運転手（一般）,高知県,15700
53,2015/02/01,潜かん工,高知県,27100
54,2015/02/01,潜かん世話役,高知県,32100
55,2015/02/01,さく岩工,高知県,20400
56,2015/02/01,トンネル特殊工,高知県,24700
57,2015/02/01,トンネル作業員,高知県,20700
58,2015/02/01,トンネル世話役,高知県,26700
59,2015/02/01,橋りょう特殊工,高知県,23100
60,2015/02/01,橋りょう塗装工,高知県,24000
61,2015/02/01,橋りょう世話役,高知県,25400
62,2015/02/01,土木一般世話役,高知県,18800
63,2015/02/01,高級船員,高知県,29100
64,2015/02/01,普通船員,高知県,19800
65,2015/02/01,潜水士,高知県,35500
66,2015/02/01,潜水連絡員,高知県,
67,2015/02/01,潜水送気員,高知県,18300
68,2015/02/01,山林砂防工,高知県,19500
69,2015/02/01,軌道工,高知県,
70,2015/02/01,型わく工,高知県,18200
71,2015/02/01,大工,高知県,
72,2015/02/01,左官,高知県,19100
73,2015/02/01,配管工,高知県,16800
74,2015/02/01,はつり工,高知県,18400
75,2015/02/01,防水工,高知県,18900
76,2015/02/01,板金工,高知県,
77,2015/02/01,タイル工,高知県,
78,2015/02/01,サッシ工,高知県,
79,2015/02/01,内装工,高知県,
80,2015/02/01,ガラス工,高知県,17700
81,2015/02/01,建具工,高知県,
82,2015/02/01,ダクト工,高知県,
83,2015/02/01,保温工,高知県,20000
84,2015/02/01,設備機械工,高知県,17600
85,2015/02/01,交通誘導警備員A,高知県,9800
86,2015/02/01,交通誘導警備員B,高知県,8300
39,2015/02/01,特殊作業員,福岡県,18200
40,2015/02/01,普通作業員,福岡県,16200
41,2015/02/01,軽作業員,福岡県,11200
42,2015/02/01,造園工,福岡県,16300
43,2015/02/01,法面工,福岡県,19600
44,2015/02/01,とび工,福岡県,19000
45,2015/02/01,石工,福岡県,21300
46,2015/02/01,ブロック工,福岡県,20600
47,2015/02/01,電工,福岡県,17400
48,2015/02/01,鉄筋工,福岡県,18300
49,2015/02/01,鉄骨工,福岡県,16500
50,2015/02/01,塗装工,福岡県,19000
51,2015/02/01,溶接工,福岡県,19800
52,2015/02/01,運転手（特殊）,福岡県,17600
53,2015/02/01,運転手（一般）,福岡県,15200
54,2015/02/01,潜かん工,福岡県,27100
55,2015/02/01,潜かん世話役,福岡県,32100
56,2015/02/01,さく岩工,福岡県,24400
57,2015/02/01,トンネル特殊工,福岡県,23700
58,2015/02/01,トンネル作業員,福岡県,19900
59,2015/02/01,トンネル世話役,福岡県,27000
60,2015/02/01,橋りょう特殊工,福岡県,22000
61,2015/02/01,橋りょう塗装工,福岡県,24000
62,2015/02/01,橋りょう世話役,福岡県,27000
63,2015/02/01,土木一般世話役,福岡県,20100
64,2015/02/01,高級船員,福岡県,25200
65,2015/02/01,普通船員,福岡県,19100
66,2015/02/01,潜水士,福岡県,31200
67,2015/02/01,潜水連絡員,福岡県,19700
68,2015/02/01,潜水送気員,福岡県,19800
69,2015/02/01,山林砂防工,福岡県,
70,2015/02/01,軌道工,福岡県,23700
71,2015/02/01,型わく工,福岡県,18300
72,2015/02/01,大工,福岡県,19300
73,2015/02/01,左官,福岡県,18500
74,2015/02/01,配管工,福岡県,16400
75,2015/02/01,はつり工,福岡県,16700
76,2015/02/01,防水工,福岡県,18200
77,2015/02/01,板金工,福岡県,17400
78,2015/02/01,タイル工,福岡県,
79,2015/02/01,サッシ工,福岡県,23000
80,2015/02/01,内装工,福岡県,18400
81,2015/02/01,ガラス工,福岡県,18400
82,2015/02/01,建具工,福岡県,
83,2015/02/01,ダクト工,福岡県,14900
84,2015/02/01,保温工,福岡県,18100
85,2015/02/01,設備機械工,福岡県,17700
86,2015/02/01,交通誘導警備員A,福岡県,10300
87,2015/02/01,交通誘導警備員B,福岡県,9100
40,2015/02/01,特殊作業員,佐賀県,15800
41,2015/02/01,普通作業員,佐賀県,13700
42,2015/02/01,軽作業員,佐賀県,10900
43,2015/02/01,造園工,佐賀県,16200
44,2015/02/01,法面工,佐賀県,19200
45,2015/02/01,とび工,佐賀県,17700
46,2015/02/01,石工,佐賀県,21600
47,2015/02/01,ブロック工,佐賀県,20700
48,2015/02/01,電工,佐賀県,17100
49,2015/02/01,鉄筋工,佐賀県,17900
50,2015/02/01,鉄骨工,佐賀県,16700
51,2015/02/01,塗装工,佐賀県,19300
52,2015/02/01,溶接工,佐賀県,19400
53,2015/02/01,運転手（特殊）,佐賀県,19400
54,2015/02/01,運転手（一般）,佐賀県,15600
55,2015/02/01,潜かん工,佐賀県,27100
56,2015/02/01,潜かん世話役,佐賀県,32100
57,2015/02/01,さく岩工,佐賀県,24500
58,2015/02/01,トンネル特殊工,佐賀県,24100
59,2015/02/01,トンネル作業員,佐賀県,19500
60,2015/02/01,トンネル世話役,佐賀県,27000
61,2015/02/01,橋りょう特殊工,佐賀県,22000
62,2015/02/01,橋りょう塗装工,佐賀県,24100
63,2015/02/01,橋りょう世話役,佐賀県,27200
64,2015/02/01,土木一般世話役,佐賀県,19100
65,2015/02/01,高級船員,佐賀県,25000
66,2015/02/01,普通船員,佐賀県,19100
67,2015/02/01,潜水士,佐賀県,31300
68,2015/02/01,潜水連絡員,佐賀県,19700
69,2015/02/01,潜水送気員,佐賀県,19800
70,2015/02/01,山林砂防工,佐賀県,
71,2015/02/01,軌道工,佐賀県,23600
72,2015/02/01,型わく工,佐賀県,19700
73,2015/02/01,大工,佐賀県,19400
74,2015/02/01,左官,佐賀県,18600
75,2015/02/01,配管工,佐賀県,15800
76,2015/02/01,はつり工,佐賀県,16700
77,2015/02/01,防水工,佐賀県,18300
78,2015/02/01,板金工,佐賀県,17500
79,2015/02/01,タイル工,佐賀県,
80,2015/02/01,サッシ工,佐賀県,23000
81,2015/02/01,内装工,佐賀県,18400
82,2015/02/01,ガラス工,佐賀県,18400
83,2015/02/01,建具工,佐賀県,
84,2015/02/01,ダクト工,佐賀県,14500
85,2015/02/01,保温工,佐賀県,18100
86,2015/02/01,設備機械工,佐賀県,17700
87,2015/02/01,交通誘導警備員A,佐賀県,10100
88,2015/02/01,交通誘導警備員B,佐賀県,8800
41,2015/02/01,特殊作業員,長崎県,16700
42,2015/02/01,普通作業員,長崎県,14400
43,2015/02/01,軽作業員,長崎県,11500
44,2015/02/01,造園工,長崎県,16800
45,2015/02/01,法面工,長崎県,19000
46,2015/02/01,とび工,長崎県,17500
47,2015/02/01,石工,長崎県,21900
48,2015/02/01,ブロック工,長崎県,20600
49,2015/02/01,電工,長崎県,16200
50,2015/02/01,鉄筋工,長崎県,17800
51,2015/02/01,鉄骨工,長崎県,16100
52,2015/02/01,塗装工,長崎県,19000
53,2015/02/01,溶接工,長崎県,19000
54,2015/02/01,運転手（特殊）,長崎県,16500
55,2015/02/01,運転手（一般）,長崎県,14300
56,2015/02/01,潜かん工,長崎県,27100
57,2015/02/01,潜かん世話役,長崎県,32100
58,2015/02/01,さく岩工,長崎県,24500
59,2015/02/01,トンネル特殊工,長崎県,24600
60,2015/02/01,トンネル作業員,長崎県,19500
61,2015/02/01,トンネル世話役,長崎県,27000
62,2015/02/01,橋りょう特殊工,長崎県,22000
63,2015/02/01,橋りょう塗装工,長崎県,24000
64,2015/02/01,橋りょう世話役,長崎県,27100
65,2015/02/01,土木一般世話役,長崎県,18800
66,2015/02/01,高級船員,長崎県,24000
67,2015/02/01,普通船員,長崎県,18300
68,2015/02/01,潜水士,長崎県,31000
69,2015/02/01,潜水連絡員,長崎県,19500
70,2015/02/01,潜水送気員,長崎県,19600
71,2015/02/01,山林砂防工,長崎県,
72,2015/02/01,軌道工,長崎県,24300
73,2015/02/01,型わく工,長崎県,18000
74,2015/02/01,大工,長崎県,19300
75,2015/02/01,左官,長崎県,18400
76,2015/02/01,配管工,長崎県,16100
77,2015/02/01,はつり工,長崎県,16700
78,2015/02/01,防水工,長崎県,18000
79,2015/02/01,板金工,長崎県,17500
80,2015/02/01,タイル工,長崎県,
81,2015/02/01,サッシ工,長崎県,22800
82,2015/02/01,内装工,長崎県,19000
83,2015/02/01,ガラス工,長崎県,18400
84,2015/02/01,建具工,長崎県,
85,2015/02/01,ダクト工,長崎県,15000
86,2015/02/01,保温工,長崎県,18100
87,2015/02/01,設備機械工,長崎県,17700
88,2015/02/01,交通誘導警備員A,長崎県,10300
89,2015/02/01,交通誘導警備員B,長崎県,9000
42,2015/02/01,特殊作業員,熊本県,17000
43,2015/02/01,普通作業員,熊本県,14800
44,2015/02/01,軽作業員,熊本県,12200
45,2015/02/01,造園工,熊本県,16500
46,2015/02/01,法面工,熊本県,20000
47,2015/02/01,とび工,熊本県,18300
48,2015/02/01,石工,熊本県,21600
49,2015/02/01,ブロック工,熊本県,20400
50,2015/02/01,電工,熊本県,16100
51,2015/02/01,鉄筋工,熊本県,18300
52,2015/02/01,鉄骨工,熊本県,16300
53,2015/02/01,塗装工,熊本県,19000
54,2015/02/01,溶接工,熊本県,19400
55,2015/02/01,運転手（特殊）,熊本県,17200
56,2015/02/01,運転手（一般）,熊本県,14900
57,2015/02/01,潜かん工,熊本県,27100
58,2015/02/01,潜かん世話役,熊本県,32100
59,2015/02/01,さく岩工,熊本県,24500
60,2015/02/01,トンネル特殊工,熊本県,24600
61,2015/02/01,トンネル作業員,熊本県,19500
62,2015/02/01,トンネル世話役,熊本県,27000
63,2015/02/01,橋りょう特殊工,熊本県,22000
64,2015/02/01,橋りょう塗装工,熊本県,24000
65,2015/02/01,橋りょう世話役,熊本県,26100
66,2015/02/01,土木一般世話役,熊本県,19400
67,2015/02/01,高級船員,熊本県,25100
68,2015/02/01,普通船員,熊本県,18500
69,2015/02/01,潜水士,熊本県,31200
70,2015/02/01,潜水連絡員,熊本県,19600
71,2015/02/01,潜水送気員,熊本県,19700
72,2015/02/01,山林砂防工,熊本県,
73,2015/02/01,軌道工,熊本県,24200
74,2015/02/01,型わく工,熊本県,18100
75,2015/02/01,大工,熊本県,19400
76,2015/02/01,左官,熊本県,18100
77,2015/02/01,配管工,熊本県,15700
78,2015/02/01,はつり工,熊本県,16700
79,2015/02/01,防水工,熊本県,18100
80,2015/02/01,板金工,熊本県,17400
81,2015/02/01,タイル工,熊本県,
82,2015/02/01,サッシ工,熊本県,22900
83,2015/02/01,内装工,熊本県,18300
84,2015/02/01,ガラス工,熊本県,18400
85,2015/02/01,建具工,熊本県,
86,2015/02/01,ダクト工,熊本県,14600
87,2015/02/01,保温工,熊本県,18100
88,2015/02/01,設備機械工,熊本県,17400
89,2015/02/01,交通誘導警備員A,熊本県,10000
90,2015/02/01,交通誘導警備員B,熊本県,8600
43,2015/02/01,特殊作業員,大分県,16200
44,2015/02/01,普通作業員,大分県,13800
45,2015/02/01,軽作業員,大分県,11400
46,2015/02/01,造園工,大分県,16200
47,2015/02/01,法面工,大分県,18600
48,2015/02/01,とび工,大分県,18100
49,2015/02/01,石工,大分県,21300
50,2015/02/01,ブロック工,大分県,20200
51,2015/02/01,電工,大分県,15700
52,2015/02/01,鉄筋工,大分県,18300
53,2015/02/01,鉄骨工,大分県,16600
54,2015/02/01,塗装工,大分県,18200
55,2015/02/01,溶接工,大分県,19100
56,2015/02/01,運転手（特殊）,大分県,18400
57,2015/02/01,運転手（一般）,大分県,16700
58,2015/02/01,潜かん工,大分県,27100
59,2015/02/01,潜かん世話役,大分県,32100
60,2015/02/01,さく岩工,大分県,24400
61,2015/02/01,トンネル特殊工,大分県,24100
62,2015/02/01,トンネル作業員,大分県,19400
63,2015/02/01,トンネル世話役,大分県,27000
64,2015/02/01,橋りょう特殊工,大分県,22000
65,2015/02/01,橋りょう塗装工,大分県,24000
66,2015/02/01,橋りょう世話役,大分県,26500
67,2015/02/01,土木一般世話役,大分県,19800
68,2015/02/01,高級船員,大分県,25100
69,2015/02/01,普通船員,大分県,18800
70,2015/02/01,潜水士,大分県,31200
71,2015/02/01,潜水連絡員,大分県,19600
72,2015/02/01,潜水送気員,大分県,19700
73,2015/02/01,山林砂防工,大分県,
74,2015/02/01,軌道工,大分県,24000
75,2015/02/01,型わく工,大分県,17500
76,2015/02/01,大工,大分県,19100
77,2015/02/01,左官,大分県,18300
78,2015/02/01,配管工,大分県,15500
79,2015/02/01,はつり工,大分県,16700
80,2015/02/01,防水工,大分県,18200
81,2015/02/01,板金工,大分県,17400
82,2015/02/01,タイル工,大分県,
83,2015/02/01,サッシ工,大分県,22500
84,2015/02/01,内装工,大分県,18400
85,2015/02/01,ガラス工,大分県,18400
86,2015/02/01,建具工,大分県,
87,2015/02/01,ダクト工,大分県,14300
88,2015/02/01,保温工,大分県,18100
89,2015/02/01,設備機械工,大分県,17400
90,2015/02/01,交通誘導警備員A,大分県,10100
91,2015/02/01,交通誘導警備員B,大分県,8200
44,2015/02/01,特殊作業員,宮崎県,18200
45,2015/02/01,普通作業員,宮崎県,13500
46,2015/02/01,軽作業員,宮崎県,11600
47,2015/02/01,造園工,宮崎県,16300
48,2015/02/01,法面工,宮崎県,18800
49,2015/02/01,とび工,宮崎県,18300
50,2015/02/01,石工,宮崎県,21600
51,2015/02/01,ブロック工,宮崎県,20200
52,2015/02/01,電工,宮崎県,15300
53,2015/02/01,鉄筋工,宮崎県,17300
54,2015/02/01,鉄骨工,宮崎県,16500
55,2015/02/01,塗装工,宮崎県,18700
56,2015/02/01,溶接工,宮崎県,18700
57,2015/02/01,運転手（特殊）,宮崎県,18400
58,2015/02/01,運転手（一般）,宮崎県,15600
59,2015/02/01,潜かん工,宮崎県,27100
60,2015/02/01,潜かん世話役,宮崎県,32100
61,2015/02/01,さく岩工,宮崎県,24400
62,2015/02/01,トンネル特殊工,宮崎県,25100
63,2015/02/01,トンネル作業員,宮崎県,19400
64,2015/02/01,トンネル世話役,宮崎県,27000
65,2015/02/01,橋りょう特殊工,宮崎県,22000
66,2015/02/01,橋りょう塗装工,宮崎県,24000
67,2015/02/01,橋りょう世話役,宮崎県,27000
68,2015/02/01,土木一般世話役,宮崎県,20000
69,2015/02/01,高級船員,宮崎県,24000
70,2015/02/01,普通船員,宮崎県,18300
71,2015/02/01,潜水士,宮崎県,31200
72,2015/02/01,潜水連絡員,宮崎県,19500
73,2015/02/01,潜水送気員,宮崎県,19600
74,2015/02/01,山林砂防工,宮崎県,
75,2015/02/01,軌道工,宮崎県,23800
76,2015/02/01,型わく工,宮崎県,18500
77,2015/02/01,大工,宮崎県,19100
78,2015/02/01,左官,宮崎県,18200
79,2015/02/01,配管工,宮崎県,15400
80,2015/02/01,はつり工,宮崎県,16700
81,2015/02/01,防水工,宮崎県,17900
82,2015/02/01,板金工,宮崎県,17400
83,2015/02/01,タイル工,宮崎県,
84,2015/02/01,サッシ工,宮崎県,22400
85,2015/02/01,内装工,宮崎県,18300
86,2015/02/01,ガラス工,宮崎県,18400
87,2015/02/01,建具工,宮崎県,
88,2015/02/01,ダクト工,宮崎県,14600
89,2015/02/01,保温工,宮崎県,18100
90,2015/02/01,設備機械工,宮崎県,17400
91,2015/02/01,交通誘導警備員A,宮崎県,10200
92,2015/02/01,交通誘導警備員B,宮崎県,7900
45,2015/02/01,特殊作業員,鹿児島県,20000
46,2015/02/01,普通作業員,鹿児島県,14700
47,2015/02/01,軽作業員,鹿児島県,12400
48,2015/02/01,造園工,鹿児島県,16000
49,2015/02/01,法面工,鹿児島県,21600
50,2015/02/01,とび工,鹿児島県,18600
51,2015/02/01,石工,鹿児島県,21600
52,2015/02/01,ブロック工,鹿児島県,20200
53,2015/02/01,電工,鹿児島県,15700
54,2015/02/01,鉄筋工,鹿児島県,18200
55,2015/02/01,鉄骨工,鹿児島県,16500
56,2015/02/01,塗装工,鹿児島県,18900
57,2015/02/01,溶接工,鹿児島県,19300
58,2015/02/01,運転手（特殊）,鹿児島県,20500
59,2015/02/01,運転手（一般）,鹿児島県,17900
60,2015/02/01,潜かん工,鹿児島県,27100
61,2015/02/01,潜かん世話役,鹿児島県,32100
62,2015/02/01,さく岩工,鹿児島県,24500
63,2015/02/01,トンネル特殊工,鹿児島県,25000
64,2015/02/01,トンネル作業員,鹿児島県,19500
65,2015/02/01,トンネル世話役,鹿児島県,27000
66,2015/02/01,橋りょう特殊工,鹿児島県,22000
67,2015/02/01,橋りょう塗装工,鹿児島県,24100
68,2015/02/01,橋りょう世話役,鹿児島県,27200
69,2015/02/01,土木一般世話役,鹿児島県,21600
70,2015/02/01,高級船員,鹿児島県,23900
71,2015/02/01,普通船員,鹿児島県,18300
72,2015/02/01,潜水士,鹿児島県,31300
73,2015/02/01,潜水連絡員,鹿児島県,19600
74,2015/02/01,潜水送気員,鹿児島県,19700
75,2015/02/01,山林砂防工,鹿児島県,
76,2015/02/01,軌道工,鹿児島県,23900
77,2015/02/01,型わく工,鹿児島県,20300
78,2015/02/01,大工,鹿児島県,19500
79,2015/02/01,左官,鹿児島県,18500
80,2015/02/01,配管工,鹿児島県,15400
81,2015/02/01,はつり工,鹿児島県,16700
82,2015/02/01,防水工,鹿児島県,18000
83,2015/02/01,板金工,鹿児島県,17500
84,2015/02/01,タイル工,鹿児島県,
85,2015/02/01,サッシ工,鹿児島県,22500
86,2015/02/01,内装工,鹿児島県,18100
87,2015/02/01,ガラス工,鹿児島県,18400
88,2015/02/01,建具工,鹿児島県,
89,2015/02/01,ダクト工,鹿児島県,14300
90,2015/02/01,保温工,鹿児島県,18100
91,2015/02/01,設備機械工,鹿児島県,17400
92,2015/02/01,交通誘導警備員A,鹿児島県,10900
93,2015/02/01,交通誘導警備員B,鹿児島県,9300
46,2015/02/01,特殊作業員,沖縄県,18000
47,2015/02/01,普通作業員,沖縄県,15700
48,2015/02/01,軽作業員,沖縄県,11900
49,2015/02/01,造園工,沖縄県,
50,2015/02/01,法面工,沖縄県,
51,2015/02/01,とび工,沖縄県,22100
52,2015/02/01,石工,沖縄県,
53,2015/02/01,ブロック工,沖縄県,15000
54,2015/02/01,電工,沖縄県,14600
55,2015/02/01,鉄筋工,沖縄県,20100
56,2015/02/01,鉄骨工,沖縄県,17900
57,2015/02/01,塗装工,沖縄県,19100
58,2015/02/01,溶接工,沖縄県,19100
59,2015/02/01,運転手（特殊）,沖縄県,20400
60,2015/02/01,運転手（一般）,沖縄県,18000
61,2015/02/01,潜かん工,沖縄県,27200
62,2015/02/01,潜かん世話役,沖縄県,32200
63,2015/02/01,さく岩工,沖縄県,22500
64,2015/02/01,トンネル特殊工,沖縄県,22900
65,2015/02/01,トンネル作業員,沖縄県,18500
66,2015/02/01,トンネル世話役,沖縄県,26000
67,2015/02/01,橋りょう特殊工,沖縄県,25900
68,2015/02/01,橋りょう塗装工,沖縄県,20900
69,2015/02/01,橋りょう世話役,沖縄県,31000
70,2015/02/01,土木一般世話役,沖縄県,21400
71,2015/02/01,高級船員,沖縄県,21200
72,2015/02/01,普通船員,沖縄県,18900
73,2015/02/01,潜水士,沖縄県,36900
74,2015/02/01,潜水連絡員,沖縄県,22600
75,2015/02/01,潜水送気員,沖縄県,24500
76,2015/02/01,山林砂防工,沖縄県,
77,2015/02/01,軌道工,沖縄県,
78,2015/02/01,型わく工,沖縄県,20700
79,2015/02/01,大工,沖縄県,
80,2015/02/01,左官,沖縄県,20000
81,2015/02/01,配管工,沖縄県,14900
82,2015/02/01,はつり工,沖縄県,
83,2015/02/01,防水工,沖縄県,23800
84,2015/02/01,板金工,沖縄県,
85,2015/02/01,タイル工,沖縄県,
86,2015/02/01,サッシ工,沖縄県,17600
87,2015/02/01,内装工,沖縄県,
88,2015/02/01,ガラス工,沖縄県,17600
89,2015/02/01,建具工,沖縄県,
90,2015/02/01,ダクト工,沖縄県,14000
91,2015/02/01,保温工,沖縄県,
92,2015/02/01,設備機械工,沖縄県,
93,2015/02/01,交通誘導警備員A,沖縄県,9100
94,2015/02/01,交通誘導警備員B,沖縄県,8000
