id,開始日,終了日,職種,都道府県,労務単価
0,2015-02-01,2016-01-31,特殊作業員,北海道,16700
1,2015-02-01,2016-01-31,普通作業員,北海道,13800
2,2015-02-01,2016-01-31,軽作業員,北海道,11500
3,2015-02-01,2016-01-31,造園工,北海道,16900
4,2015-02-01,2016-01-31,法面工,北海道,20200
5,2015-02-01,2016-01-31,とび工,北海道,18200
6,2015-02-01,2016-01-31,石工,北海道,
7,2015-02-01,2016-01-31,ブロック工,北海道,
8,2015-02-01,2016-01-31,電工,北海道,17700
9,2015-02-01,2016-01-31,鉄筋工,北海道,18600
10,2015-02-01,2016-01-31,鉄骨工,北海道,19100
11,2015-02-01,2016-01-31,塗装工,北海道,18600
12,2015-02-01,2016-01-31,溶接工,北海道,20400
13,2015-02-01,2016-01-31,運転手（特殊）,北海道,16600
14,2015-02-01,2016-01-31,運転手（一般）,北海道,14000
15,2015-02-01,2016-01-31,潜かん工,北海道,27400
16,2015-02-01,2016-01-31,潜かん世話役,北海道,32400
17,2015-02-01,2016-01-31,さく岩工,北海道,21600
18,2015-02-01,2016-01-31,トンネル特殊工,北海道,25500
19,2015-02-01,2016-01-31,トンネル作業員,北海道,21400
20,2015-02-01,2016-01-31,トンネル世話役,北海道,28700
21,2015-02-01,2016-01-31,橋りょう特殊工,北海道,24000
22,2015-02-01,2016-01-31,橋りょう塗装工,北海道,24300
23,2015-02-01,2016-01-31,橋りょう世話役,北海道,29500
24,2015-02-01,2016-01-31,土木一般世話役,北海道,18800
25,2015-02-01,2016-01-31,高級船員,北海道,23300
26,2015-02-01,2016-01-31,普通船員,北海道,18500
27,2015-02-01,2016-01-31,潜水士,北海道,32000
28,2015-02-01,2016-01-31,潜水連絡員,北海道,20900
29,2015-02-01,2016-01-31,潜水送気員,北海道,20000
30,2015-02-01,2016-01-31,山林砂防工,北海道,
31,2015-02-01,2016-01-31,軌道工,北海道,23000
32,2015-02-01,2016-01-31,型わく工,北海道,17900
33,2015-02-01,2016-01-31,大工,北海道,19200
34,2015-02-01,2016-01-31,左官,北海道,19200
35,2015-02-01,2016-01-31,配管工,北海道,17300
36,2015-02-01,2016-01-31,はつり工,北海道,19400
37,2015-02-01,2016-01-31,防水工,北海道,20100
38,2015-02-01,2016-01-31,板金工,北海道,19300
39,2015-02-01,2016-01-31,タイル工,北海道,20400
40,2015-02-01,2016-01-31,サッシ工,北海道,19300
41,2015-02-01,2016-01-31,内装工,北海道,18800
42,2015-02-01,2016-01-31,ガラス工,北海道,17000
43,2015-02-01,2016-01-31,建具工,北海道,16900
44,2015-02-01,2016-01-31,ダクト工,北海道,17200
45,2015-02-01,2016-01-31,保温工,北海道,19900
46,2015-02-01,2016-01-31,設備機械工,北海道,19200
47,2015-02-01,2016-01-31,交通誘導警備員A,北海道,10600
48,2015-02-01,2016-01-31,交通誘導警備員B,北海道,9100
49,2015-02-01,2016-01-31,特殊作業員,青森県,19700
50,2015-02-01,2016-01-31,普通作業員,青森県,14600
51,2015-02-01,2016-01-31,軽作業員,青森県,11000
52,2015-02-01,2016-01-31,造園工,青森県,16900
53,2015-02-01,2016-01-31,法面工,青森県,20900
54,2015-02-01,2016-01-31,とび工,青森県,19200
55,2015-02-01,2016-01-31,石工,青森県,
56,2015-02-01,2016-01-31,ブロック工,青森県,
57,2015-02-01,2016-01-31,電工,青森県,16300
58,2015-02-01,2016-01-31,鉄筋工,青森県,20300
59,2015-02-01,2016-01-31,鉄骨工,青森県,18100
60,2015-02-01,2016-01-31,塗装工,青森県,17200
61,2015-02-01,2016-01-31,溶接工,青森県,19400
62,2015-02-01,2016-01-31,運転手（特殊）,青森県,21300
63,2015-02-01,2016-01-31,運転手（一般）,青森県,19400
64,2015-02-01,2016-01-31,潜かん工,青森県,27300
65,2015-02-01,2016-01-31,潜かん世話役,青森県,32400
66,2015-02-01,2016-01-31,さく岩工,青森県,22600
67,2015-02-01,2016-01-31,トンネル特殊工,青森県,26500
68,2015-02-01,2016-01-31,トンネル作業員,青森県,21000
69,2015-02-01,2016-01-31,トンネル世話役,青森県,29300
70,2015-02-01,2016-01-31,橋りょう特殊工,青森県,23900
71,2015-02-01,2016-01-31,橋りょう塗装工,青森県,25700
72,2015-02-01,2016-01-31,橋りょう世話役,青森県,29000
73,2015-02-01,2016-01-31,土木一般世話役,青森県,22400
74,2015-02-01,2016-01-31,高級船員,青森県,24300
75,2015-02-01,2016-01-31,普通船員,青森県,19100
76,2015-02-01,2016-01-31,潜水士,青森県,37300
77,2015-02-01,2016-01-31,潜水連絡員,青森県,23100
78,2015-02-01,2016-01-31,潜水送気員,青森県,23400
79,2015-02-01,2016-01-31,山林砂防工,青森県,
80,2015-02-01,2016-01-31,軌道工,青森県,25100
81,2015-02-01,2016-01-31,型わく工,青森県,23300
82,2015-02-01,2016-01-31,大工,青森県,20500
83,2015-02-01,2016-01-31,左官,青森県,20700
84,2015-02-01,2016-01-31,配管工,青森県,17000
85,2015-02-01,2016-01-31,はつり工,青森県,19100
86,2015-02-01,2016-01-31,防水工,青森県,18100
87,2015-02-01,2016-01-31,板金工,青森県,19100
88,2015-02-01,2016-01-31,タイル工,青森県,18700
89,2015-02-01,2016-01-31,サッシ工,青森県,21100
90,2015-02-01,2016-01-31,内装工,青森県,18800
91,2015-02-01,2016-01-31,ガラス工,青森県,18100
92,2015-02-01,2016-01-31,建具工,青森県,15600
93,2015-02-01,2016-01-31,ダクト工,青森県,15700
94,2015-02-01,2016-01-31,保温工,青森県,18800
95,2015-02-01,2016-01-31,設備機械工,青森県,17900
96,2015-02-01,2016-01-31,交通誘導警備員A,青森県,10000
97,2015-02-01,2016-01-31,交通誘導警備員B,青森県,8800
98,2015-02-01,2016-01-31,特殊作業員,岩手県,19700
99,2015-02-01,2016-01-31,普通作業員,岩手県,16400
100,2015-02-01,2016-01-31,軽作業員,岩手県,12000
101,2015-02-01,2016-01-31,造園工,岩手県,17700
102,2015-02-01,2016-01-31,法面工,岩手県,23200
103,2015-02-01,2016-01-31,とび工,岩手県,19300
104,2015-02-01,2016-01-31,石工,岩手県,
105,2015-02-01,2016-01-31,ブロック工,岩手県,
106,2015-02-01,2016-01-31,電工,岩手県,17200
107,2015-02-01,2016-01-31,鉄筋工,岩手県,21300
108,2015-02-01,2016-01-31,鉄骨工,岩手県,19100
109,2015-02-01,2016-01-31,塗装工,岩手県,18800
110,2015-02-01,2016-01-31,溶接工,岩手県,20500
111,2015-02-01,2016-01-31,運転手（特殊）,岩手県,21800
112,2015-02-01,2016-01-31,運転手（一般）,岩手県,18500
113,2015-02-01,2016-01-31,潜かん工,岩手県,28700
114,2015-02-01,2016-01-31,潜かん世話役,岩手県,34000
115,2015-02-01,2016-01-31,さく岩工,岩手県,23700
116,2015-02-01,2016-01-31,トンネル特殊工,岩手県,29000
117,2015-02-01,2016-01-31,トンネル作業員,岩手県,22200
118,2015-02-01,2016-01-31,トンネル世話役,岩手県,30800
119,2015-02-01,2016-01-31,橋りょう特殊工,岩手県,25200
120,2015-02-01,2016-01-31,橋りょう塗装工,岩手県,27000
121,2015-02-01,2016-01-31,橋りょう世話役,岩手県,31700
122,2015-02-01,2016-01-31,土木一般世話役,岩手県,22400
123,2015-02-01,2016-01-31,高級船員,岩手県,24300
124,2015-02-01,2016-01-31,普通船員,岩手県,19100
125,2015-02-01,2016-01-31,潜水士,岩手県,40700
126,2015-02-01,2016-01-31,潜水連絡員,岩手県,25200
127,2015-02-01,2016-01-31,潜水送気員,岩手県,25800
128,2015-02-01,2016-01-31,山林砂防工,岩手県,
129,2015-02-01,2016-01-31,軌道工,岩手県,27400
130,2015-02-01,2016-01-31,型わく工,岩手県,24700
131,2015-02-01,2016-01-31,大工,岩手県,22200
132,2015-02-01,2016-01-31,左官,岩手県,23200
133,2015-02-01,2016-01-31,配管工,岩手県,18200
134,2015-02-01,2016-01-31,はつり工,岩手県,20100
135,2015-02-01,2016-01-31,防水工,岩手県,19100
136,2015-02-01,2016-01-31,板金工,岩手県,20300
137,2015-02-01,2016-01-31,タイル工,岩手県,19500
138,2015-02-01,2016-01-31,サッシ工,岩手県,22100
139,2015-02-01,2016-01-31,内装工,岩手県,19800
140,2015-02-01,2016-01-31,ガラス工,岩手県,19000
141,2015-02-01,2016-01-31,建具工,岩手県,16400
142,2015-02-01,2016-01-31,ダクト工,岩手県,16600
143,2015-02-01,2016-01-31,保温工,岩手県,18800
144,2015-02-01,2016-01-31,設備機械工,岩手県,17900
145,2015-02-01,2016-01-31,交通誘導警備員A,岩手県,11200
146,2015-02-01,2016-01-31,交通誘導警備員B,岩手県,9800
147,2015-02-01,2016-01-31,特殊作業員,宮城県,21100
148,2015-02-01,2016-01-31,普通作業員,宮城県,16400
149,2015-02-01,2016-01-31,軽作業員,宮城県,12900
150,2015-02-01,2016-01-31,造園工,宮城県,18700
151,2015-02-01,2016-01-31,法面工,宮城県,24000
152,2015-02-01,2016-01-31,とび工,宮城県,22100
153,2015-02-01,2016-01-31,石工,宮城県,
154,2015-02-01,2016-01-31,ブロック工,宮城県,
155,2015-02-01,2016-01-31,電工,宮城県,17600
156,2015-02-01,2016-01-31,鉄筋工,宮城県,25900
157,2015-02-01,2016-01-31,鉄骨工,宮城県,21800
158,2015-02-01,2016-01-31,塗装工,宮城県,22200
159,2015-02-01,2016-01-31,溶接工,宮城県,22200
160,2015-02-01,2016-01-31,運転手（特殊）,宮城県,23200
161,2015-02-01,2016-01-31,運転手（一般）,宮城県,20800
162,2015-02-01,2016-01-31,潜かん工,宮城県,28800
163,2015-02-01,2016-01-31,潜かん世話役,宮城県,34100
164,2015-02-01,2016-01-31,さく岩工,宮城県,23800
165,2015-02-01,2016-01-31,トンネル特殊工,宮城県,30900
166,2015-02-01,2016-01-31,トンネル作業員,宮城県,22200
167,2015-02-01,2016-01-31,トンネル世話役,宮城県,30900
168,2015-02-01,2016-01-31,橋りょう特殊工,宮城県,25200
169,2015-02-01,2016-01-31,橋りょう塗装工,宮城県,27100
170,2015-02-01,2016-01-31,橋りょう世話役,宮城県,34800
171,2015-02-01,2016-01-31,土木一般世話役,宮城県,22700
172,2015-02-01,2016-01-31,高級船員,宮城県,24300
173,2015-02-01,2016-01-31,普通船員,宮城県,19100
174,2015-02-01,2016-01-31,潜水士,宮城県,44800
175,2015-02-01,2016-01-31,潜水連絡員,宮城県,27700
176,2015-02-01,2016-01-31,潜水送気員,宮城県,28100
177,2015-02-01,2016-01-31,山林砂防工,宮城県,
178,2015-02-01,2016-01-31,軌道工,宮城県,30300
179,2015-02-01,2016-01-31,型わく工,宮城県,28000
180,2015-02-01,2016-01-31,大工,宮城県,24400
181,2015-02-01,2016-01-31,左官,宮城県,25300
182,2015-02-01,2016-01-31,配管工,宮城県,19000
183,2015-02-01,2016-01-31,はつり工,宮城県,20100
184,2015-02-01,2016-01-31,防水工,宮城県,21200
185,2015-02-01,2016-01-31,板金工,宮城県,22100
186,2015-02-01,2016-01-31,タイル工,宮城県,19600
187,2015-02-01,2016-01-31,サッシ工,宮城県,24000
188,2015-02-01,2016-01-31,内装工,宮城県,21800
189,2015-02-01,2016-01-31,ガラス工,宮城県,19100
190,2015-02-01,2016-01-31,建具工,宮城県,16400
191,2015-02-01,2016-01-31,ダクト工,宮城県,16900
192,2015-02-01,2016-01-31,保温工,宮城県,18800
193,2015-02-01,2016-01-31,設備機械工,宮城県,17900
194,2015-02-01,2016-01-31,交通誘導警備員A,宮城県,12300
195,2015-02-01,2016-01-31,交通誘導警備員B,宮城県,10600
196,2015-02-01,2016-01-31,特殊作業員,秋田県,18700
197,2015-02-01,2016-01-31,普通作業員,秋田県,14700
198,2015-02-01,2016-01-31,軽作業員,秋田県,11800
199,2015-02-01,2016-01-31,造園工,秋田県,17500
200,2015-02-01,2016-01-31,法面工,秋田県,21000
201,2015-02-01,2016-01-31,とび工,秋田県,18900
202,2015-02-01,2016-01-31,石工,秋田県,
203,2015-02-01,2016-01-31,ブロック工,秋田県,
204,2015-02-01,2016-01-31,電工,秋田県,16600
205,2015-02-01,2016-01-31,鉄筋工,秋田県,20900
206,2015-02-01,2016-01-31,鉄骨工,秋田県,18700
207,2015-02-01,2016-01-31,塗装工,秋田県,18600
208,2015-02-01,2016-01-31,溶接工,秋田県,19900
209,2015-02-01,2016-01-31,運転手（特殊）,秋田県,20500
210,2015-02-01,2016-01-31,運転手（一般）,秋田県,19800
211,2015-02-01,2016-01-31,潜かん工,秋田県,27700
212,2015-02-01,2016-01-31,潜かん世話役,秋田県,32800
213,2015-02-01,2016-01-31,さく岩工,秋田県,22900
214,2015-02-01,2016-01-31,トンネル特殊工,秋田県,26900
215,2015-02-01,2016-01-31,トンネル作業員,秋田県,21300
216,2015-02-01,2016-01-31,トンネル世話役,秋田県,29700
217,2015-02-01,2016-01-31,橋りょう特殊工,秋田県,24300
218,2015-02-01,2016-01-31,橋りょう塗装工,秋田県,26100
219,2015-02-01,2016-01-31,橋りょう世話役,秋田県,30000
220,2015-02-01,2016-01-31,土木一般世話役,秋田県,23300
221,2015-02-01,2016-01-31,高級船員,秋田県,24300
222,2015-02-01,2016-01-31,普通船員,秋田県,19100
223,2015-02-01,2016-01-31,潜水士,秋田県,38600
224,2015-02-01,2016-01-31,潜水連絡員,秋田県,23700
225,2015-02-01,2016-01-31,潜水送気員,秋田県,24100
226,2015-02-01,2016-01-31,山林砂防工,秋田県,
227,2015-02-01,2016-01-31,軌道工,秋田県,25400
228,2015-02-01,2016-01-31,型わく工,秋田県,20900
229,2015-02-01,2016-01-31,大工,秋田県,22700
230,2015-02-01,2016-01-31,左官,秋田県,21000
231,2015-02-01,2016-01-31,配管工,秋田県,16200
232,2015-02-01,2016-01-31,はつり工,秋田県,19300
233,2015-02-01,2016-01-31,防水工,秋田県,18700
234,2015-02-01,2016-01-31,板金工,秋田県,19000
235,2015-02-01,2016-01-31,タイル工,秋田県,18900
236,2015-02-01,2016-01-31,サッシ工,秋田県,21300
237,2015-02-01,2016-01-31,内装工,秋田県,18900
238,2015-02-01,2016-01-31,ガラス工,秋田県,18400
239,2015-02-01,2016-01-31,建具工,秋田県,15600
240,2015-02-01,2016-01-31,ダクト工,秋田県,15800
241,2015-02-01,2016-01-31,保温工,秋田県,19000
242,2015-02-01,2016-01-31,設備機械工,秋田県,17900
243,2015-02-01,2016-01-31,交通誘導警備員A,秋田県,10100
244,2015-02-01,2016-01-31,交通誘導警備員B,秋田県,8700
245,2015-02-01,2016-01-31,特殊作業員,山形県,18700
246,2015-02-01,2016-01-31,普通作業員,山形県,14700
247,2015-02-01,2016-01-31,軽作業員,山形県,12400
248,2015-02-01,2016-01-31,造園工,山形県,17800
249,2015-02-01,2016-01-31,法面工,山形県,20000
250,2015-02-01,2016-01-31,とび工,山形県,19000
251,2015-02-01,2016-01-31,石工,山形県,
252,2015-02-01,2016-01-31,ブロック工,山形県,
253,2015-02-01,2016-01-31,電工,山形県,17600
254,2015-02-01,2016-01-31,鉄筋工,山形県,21200
255,2015-02-01,2016-01-31,鉄骨工,山形県,19400
256,2015-02-01,2016-01-31,塗装工,山形県,20600
257,2015-02-01,2016-01-31,溶接工,山形県,20800
258,2015-02-01,2016-01-31,運転手（特殊）,山形県,19300
259,2015-02-01,2016-01-31,運転手（一般）,山形県,17600
260,2015-02-01,2016-01-31,潜かん工,山形県,27600
261,2015-02-01,2016-01-31,潜かん世話役,山形県,32700
262,2015-02-01,2016-01-31,さく岩工,山形県,22800
263,2015-02-01,2016-01-31,トンネル特殊工,山形県,28900
264,2015-02-01,2016-01-31,トンネル作業員,山形県,21200
265,2015-02-01,2016-01-31,トンネル世話役,山形県,29500
266,2015-02-01,2016-01-31,橋りょう特殊工,山形県,24200
267,2015-02-01,2016-01-31,橋りょう塗装工,山形県,25900
268,2015-02-01,2016-01-31,橋りょう世話役,山形県,29400
269,2015-02-01,2016-01-31,土木一般世話役,山形県,21700
270,2015-02-01,2016-01-31,高級船員,山形県,24300
271,2015-02-01,2016-01-31,普通船員,山形県,19900
272,2015-02-01,2016-01-31,潜水士,山形県,38800
273,2015-02-01,2016-01-31,潜水連絡員,山形県,23900
274,2015-02-01,2016-01-31,潜水送気員,山形県,24300
275,2015-02-01,2016-01-31,山林砂防工,山形県,
276,2015-02-01,2016-01-31,軌道工,山形県,23700
277,2015-02-01,2016-01-31,型わく工,山形県,21200
278,2015-02-01,2016-01-31,大工,山形県,19800
279,2015-02-01,2016-01-31,左官,山形県,20600
280,2015-02-01,2016-01-31,配管工,山形県,18300
281,2015-02-01,2016-01-31,はつり工,山形県,19200
282,2015-02-01,2016-01-31,防水工,山形県,20800
283,2015-02-01,2016-01-31,板金工,山形県,19800
284,2015-02-01,2016-01-31,タイル工,山形県,18800
285,2015-02-01,2016-01-31,サッシ工,山形県,20900
286,2015-02-01,2016-01-31,内装工,山形県,20000
287,2015-02-01,2016-01-31,ガラス工,山形県,18300
288,2015-02-01,2016-01-31,建具工,山形県,15600
289,2015-02-01,2016-01-31,ダクト工,山形県,17600
290,2015-02-01,2016-01-31,保温工,山形県,18900
291,2015-02-01,2016-01-31,設備機械工,山形県,17900
292,2015-02-01,2016-01-31,交通誘導警備員A,山形県,11400
293,2015-02-01,2016-01-31,交通誘導警備員B,山形県,9800
294,2015-02-01,2016-01-31,特殊作業員,福島県,21000
295,2015-02-01,2016-01-31,普通作業員,福島県,16300
296,2015-02-01,2016-01-31,軽作業員,福島県,14000
297,2015-02-01,2016-01-31,造園工,福島県,18300
298,2015-02-01,2016-01-31,法面工,福島県,23100
299,2015-02-01,2016-01-31,とび工,福島県,21700
300,2015-02-01,2016-01-31,石工,福島県,
301,2015-02-01,2016-01-31,ブロック工,福島県,
302,2015-02-01,2016-01-31,電工,福島県,18000
303,2015-02-01,2016-01-31,鉄筋工,福島県,22700
304,2015-02-01,2016-01-31,鉄骨工,福島県,20300
305,2015-02-01,2016-01-31,塗装工,福島県,21700
306,2015-02-01,2016-01-31,溶接工,福島県,21700
307,2015-02-01,2016-01-31,運転手（特殊）,福島県,19600
308,2015-02-01,2016-01-31,運転手（一般）,福島県,17600
309,2015-02-01,2016-01-31,潜かん工,福島県,28800
310,2015-02-01,2016-01-31,潜かん世話役,福島県,34000
311,2015-02-01,2016-01-31,さく岩工,福島県,23800
312,2015-02-01,2016-01-31,トンネル特殊工,福島県,28000
313,2015-02-01,2016-01-31,トンネル作業員,福島県,21900
314,2015-02-01,2016-01-31,トンネル世話役,福島県,30800
315,2015-02-01,2016-01-31,橋りょう特殊工,福島県,25200
316,2015-02-01,2016-01-31,橋りょう塗装工,福島県,27100
317,2015-02-01,2016-01-31,橋りょう世話役,福島県,30900
318,2015-02-01,2016-01-31,土木一般世話役,福島県,20400
319,2015-02-01,2016-01-31,高級船員,福島県,24300
320,2015-02-01,2016-01-31,普通船員,福島県,19900
321,2015-02-01,2016-01-31,潜水士,福島県,40700
322,2015-02-01,2016-01-31,潜水連絡員,福島県,25200
323,2015-02-01,2016-01-31,潜水送気員,福島県,25700
324,2015-02-01,2016-01-31,山林砂防工,福島県,
325,2015-02-01,2016-01-31,軌道工,福島県,31600
326,2015-02-01,2016-01-31,型わく工,福島県,20800
327,2015-02-01,2016-01-31,大工,福島県,23100
328,2015-02-01,2016-01-31,左官,福島県,21700
329,2015-02-01,2016-01-31,配管工,福島県,18700
330,2015-02-01,2016-01-31,はつり工,福島県,20100
331,2015-02-01,2016-01-31,防水工,福島県,21500
332,2015-02-01,2016-01-31,板金工,福島県,21200
333,2015-02-01,2016-01-31,タイル工,福島県,19600
334,2015-02-01,2016-01-31,サッシ工,福島県,22500
335,2015-02-01,2016-01-31,内装工,福島県,21500
336,2015-02-01,2016-01-31,ガラス工,福島県,19100
337,2015-02-01,2016-01-31,建具工,福島県,16400
338,2015-02-01,2016-01-31,ダクト工,福島県,17300
339,2015-02-01,2016-01-31,保温工,福島県,18800
340,2015-02-01,2016-01-31,設備機械工,福島県,17900
341,2015-02-01,2016-01-31,交通誘導警備員A,福島県,12200
342,2015-02-01,2016-01-31,交通誘導警備員B,福島県,10500
343,2015-02-01,2016-01-31,特殊作業員,茨城県,19400
344,2015-02-01,2016-01-31,普通作業員,茨城県,17200
345,2015-02-01,2016-01-31,軽作業員,茨城県,12600
346,2015-02-01,2016-01-31,造園工,茨城県,19400
347,2015-02-01,2016-01-31,法面工,茨城県,21900
348,2015-02-01,2016-01-31,とび工,茨城県,23100
349,2015-02-01,2016-01-31,石工,茨城県,24500
350,2015-02-01,2016-01-31,ブロック工,茨城県,22700
351,2015-02-01,2016-01-31,電工,茨城県,19200
352,2015-02-01,2016-01-31,鉄筋工,茨城県,22800
353,2015-02-01,2016-01-31,鉄骨工,茨城県,21300
354,2015-02-01,2016-01-31,塗装工,茨城県,22600
355,2015-02-01,2016-01-31,溶接工,茨城県,25500
356,2015-02-01,2016-01-31,運転手（特殊）,茨城県,21000
357,2015-02-01,2016-01-31,運転手（一般）,茨城県,17300
358,2015-02-01,2016-01-31,潜かん工,茨城県,26600
359,2015-02-01,2016-01-31,潜かん世話役,茨城県,31600
360,2015-02-01,2016-01-31,さく岩工,茨城県,24500
361,2015-02-01,2016-01-31,トンネル特殊工,茨城県,25800
362,2015-02-01,2016-01-31,トンネル作業員,茨城県,21900
363,2015-02-01,2016-01-31,トンネル世話役,茨城県,28800
364,2015-02-01,2016-01-31,橋りょう特殊工,茨城県,26900
365,2015-02-01,2016-01-31,橋りょう塗装工,茨城県,28000
366,2015-02-01,2016-01-31,橋りょう世話役,茨城県,30100
367,2015-02-01,2016-01-31,土木一般世話役,茨城県,21800
368,2015-02-01,2016-01-31,高級船員,茨城県,28900
369,2015-02-01,2016-01-31,普通船員,茨城県,21700
370,2015-02-01,2016-01-31,潜水士,茨城県,34300
371,2015-02-01,2016-01-31,潜水連絡員,茨城県,22000
372,2015-02-01,2016-01-31,潜水送気員,茨城県,24000
373,2015-02-01,2016-01-31,山林砂防工,茨城県,25500
374,2015-02-01,2016-01-31,軌道工,茨城県,41000
375,2015-02-01,2016-01-31,型わく工,茨城県,22500
376,2015-02-01,2016-01-31,大工,茨城県,23400
377,2015-02-01,2016-01-31,左官,茨城県,24000
378,2015-02-01,2016-01-31,配管工,茨城県,20200
379,2015-02-01,2016-01-31,はつり工,茨城県,22600
380,2015-02-01,2016-01-31,防水工,茨城県,24200
381,2015-02-01,2016-01-31,板金工,茨城県,24200
382,2015-02-01,2016-01-31,タイル工,茨城県,
383,2015-02-01,2016-01-31,サッシ工,茨城県,23200
384,2015-02-01,2016-01-31,内装工,茨城県,25000
385,2015-02-01,2016-01-31,ガラス工,茨城県,22400
386,2015-02-01,2016-01-31,建具工,茨城県,21800
387,2015-02-01,2016-01-31,ダクト工,茨城県,20200
388,2015-02-01,2016-01-31,保温工,茨城県,20800
389,2015-02-01,2016-01-31,設備機械工,茨城県,21100
390,2015-02-01,2016-01-31,交通誘導警備員A,茨城県,12300
391,2015-02-01,2016-01-31,交通誘導警備員B,茨城県,11100
392,2015-02-01,2016-01-31,特殊作業員,栃木県,19300
393,2015-02-01,2016-01-31,普通作業員,栃木県,16900
394,2015-02-01,2016-01-31,軽作業員,栃木県,12500
395,2015-02-01,2016-01-31,造園工,栃木県,19300
396,2015-02-01,2016-01-31,法面工,栃木県,23300
397,2015-02-01,2016-01-31,とび工,栃木県,21900
398,2015-02-01,2016-01-31,石工,栃木県,24800
399,2015-02-01,2016-01-31,ブロック工,栃木県,22700
400,2015-02-01,2016-01-31,電工,栃木県,18900
401,2015-02-01,2016-01-31,鉄筋工,栃木県,22700
402,2015-02-01,2016-01-31,鉄骨工,栃木県,22200
403,2015-02-01,2016-01-31,塗装工,栃木県,23600
404,2015-02-01,2016-01-31,溶接工,栃木県,26200
405,2015-02-01,2016-01-31,運転手（特殊）,栃木県,19000
406,2015-02-01,2016-01-31,運転手（一般）,栃木県,18100
407,2015-02-01,2016-01-31,潜かん工,栃木県,26900
408,2015-02-01,2016-01-31,潜かん世話役,栃木県,31800
409,2015-02-01,2016-01-31,さく岩工,栃木県,24600
410,2015-02-01,2016-01-31,トンネル特殊工,栃木県,26500
411,2015-02-01,2016-01-31,トンネル作業員,栃木県,22200
412,2015-02-01,2016-01-31,トンネル世話役,栃木県,29100
413,2015-02-01,2016-01-31,橋りょう特殊工,栃木県,27200
414,2015-02-01,2016-01-31,橋りょう塗装工,栃木県,28200
415,2015-02-01,2016-01-31,橋りょう世話役,栃木県,30400
416,2015-02-01,2016-01-31,土木一般世話役,栃木県,21700
417,2015-02-01,2016-01-31,高級船員,栃木県,28900
418,2015-02-01,2016-01-31,普通船員,栃木県,21700
419,2015-02-01,2016-01-31,潜水士,栃木県,34500
420,2015-02-01,2016-01-31,潜水連絡員,栃木県,22600
421,2015-02-01,2016-01-31,潜水送気員,栃木県,24300
422,2015-02-01,2016-01-31,山林砂防工,栃木県,25500
423,2015-02-01,2016-01-31,軌道工,栃木県,41700
424,2015-02-01,2016-01-31,型わく工,栃木県,22300
425,2015-02-01,2016-01-31,大工,栃木県,23600
426,2015-02-01,2016-01-31,左官,栃木県,24300
427,2015-02-01,2016-01-31,配管工,栃木県,20300
428,2015-02-01,2016-01-31,はつり工,栃木県,22700
429,2015-02-01,2016-01-31,防水工,栃木県,25000
430,2015-02-01,2016-01-31,板金工,栃木県,24600
431,2015-02-01,2016-01-31,タイル工,栃木県,
432,2015-02-01,2016-01-31,サッシ工,栃木県,23300
433,2015-02-01,2016-01-31,内装工,栃木県,25400
434,2015-02-01,2016-01-31,ガラス工,栃木県,22500
435,2015-02-01,2016-01-31,建具工,栃木県,21800
436,2015-02-01,2016-01-31,ダクト工,栃木県,20000
437,2015-02-01,2016-01-31,保温工,栃木県,21000
438,2015-02-01,2016-01-31,設備機械工,栃木県,21100
439,2015-02-01,2016-01-31,交通誘導警備員A,栃木県,12000
440,2015-02-01,2016-01-31,交通誘導警備員B,栃木県,10400
441,2015-02-01,2016-01-31,特殊作業員,群馬県,19300
442,2015-02-01,2016-01-31,普通作業員,群馬県,17300
443,2015-02-01,2016-01-31,軽作業員,群馬県,13200
444,2015-02-01,2016-01-31,造園工,群馬県,19100
445,2015-02-01,2016-01-31,法面工,群馬県,24200
446,2015-02-01,2016-01-31,とび工,群馬県,20700
447,2015-02-01,2016-01-31,石工,群馬県,23800
448,2015-02-01,2016-01-31,ブロック工,群馬県,22400
449,2015-02-01,2016-01-31,電工,群馬県,18500
450,2015-02-01,2016-01-31,鉄筋工,群馬県,22100
451,2015-02-01,2016-01-31,鉄骨工,群馬県,21600
452,2015-02-01,2016-01-31,塗装工,群馬県,20500
453,2015-02-01,2016-01-31,溶接工,群馬県,24400
454,2015-02-01,2016-01-31,運転手（特殊）,群馬県,19300
455,2015-02-01,2016-01-31,運転手（一般）,群馬県,16300
456,2015-02-01,2016-01-31,潜かん工,群馬県,26700
457,2015-02-01,2016-01-31,潜かん世話役,群馬県,31600
458,2015-02-01,2016-01-31,さく岩工,群馬県,24500
459,2015-02-01,2016-01-31,トンネル特殊工,群馬県,27600
460,2015-02-01,2016-01-31,トンネル作業員,群馬県,22100
461,2015-02-01,2016-01-31,トンネル世話役,群馬県,28900
462,2015-02-01,2016-01-31,橋りょう特殊工,群馬県,27000
463,2015-02-01,2016-01-31,橋りょう塗装工,群馬県,28100
464,2015-02-01,2016-01-31,橋りょう世話役,群馬県,30400
465,2015-02-01,2016-01-31,土木一般世話役,群馬県,21800
466,2015-02-01,2016-01-31,高級船員,群馬県,29000
467,2015-02-01,2016-01-31,普通船員,群馬県,21700
468,2015-02-01,2016-01-31,潜水士,群馬県,35900
469,2015-02-01,2016-01-31,潜水連絡員,群馬県,22100
470,2015-02-01,2016-01-31,潜水送気員,群馬県,23700
471,2015-02-01,2016-01-31,山林砂防工,群馬県,25500
472,2015-02-01,2016-01-31,軌道工,群馬県,38700
473,2015-02-01,2016-01-31,型わく工,群馬県,22200
474,2015-02-01,2016-01-31,大工,群馬県,22900
475,2015-02-01,2016-01-31,左官,群馬県,21400
476,2015-02-01,2016-01-31,配管工,群馬県,18300
477,2015-02-01,2016-01-31,はつり工,群馬県,22600
478,2015-02-01,2016-01-31,防水工,群馬県,23100
479,2015-02-01,2016-01-31,板金工,群馬県,22500
480,2015-02-01,2016-01-31,タイル工,群馬県,
481,2015-02-01,2016-01-31,サッシ工,群馬県,22500
482,2015-02-01,2016-01-31,内装工,群馬県,24700
483,2015-02-01,2016-01-31,ガラス工,群馬県,22400
484,2015-02-01,2016-01-31,建具工,群馬県,21800
485,2015-02-01,2016-01-31,ダクト工,群馬県,18900
486,2015-02-01,2016-01-31,保温工,群馬県,20800
487,2015-02-01,2016-01-31,設備機械工,群馬県,21100
488,2015-02-01,2016-01-31,交通誘導警備員A,群馬県,11400
489,2015-02-01,2016-01-31,交通誘導警備員B,群馬県,10000
490,2015-02-01,2016-01-31,特殊作業員,埼玉県,20600
491,2015-02-01,2016-01-31,普通作業員,埼玉県,18300
492,2015-02-01,2016-01-31,軽作業員,埼玉県,13200
493,2015-02-01,2016-01-31,造園工,埼玉県,19200
494,2015-02-01,2016-01-31,法面工,埼玉県,23300
495,2015-02-01,2016-01-31,とび工,埼玉県,24000
496,2015-02-01,2016-01-31,石工,埼玉県,24300
497,2015-02-01,2016-01-31,ブロック工,埼玉県,
498,2015-02-01,2016-01-31,電工,埼玉県,20400
499,2015-02-01,2016-01-31,鉄筋工,埼玉県,24300
500,2015-02-01,2016-01-31,鉄骨工,埼玉県,22600
501,2015-02-01,2016-01-31,塗装工,埼玉県,24000
502,2015-02-01,2016-01-31,溶接工,埼玉県,25500
503,2015-02-01,2016-01-31,運転手（特殊）,埼玉県,22000
504,2015-02-01,2016-01-31,運転手（一般）,埼玉県,19100
505,2015-02-01,2016-01-31,潜かん工,埼玉県,26600
506,2015-02-01,2016-01-31,潜かん世話役,埼玉県,31500
507,2015-02-01,2016-01-31,さく岩工,埼玉県,24400
508,2015-02-01,2016-01-31,トンネル特殊工,埼玉県,25600
509,2015-02-01,2016-01-31,トンネル作業員,埼玉県,21900
510,2015-02-01,2016-01-31,トンネル世話役,埼玉県,28800
511,2015-02-01,2016-01-31,橋りょう特殊工,埼玉県,27800
512,2015-02-01,2016-01-31,橋りょう塗装工,埼玉県,27900
513,2015-02-01,2016-01-31,橋りょう世話役,埼玉県,30500
514,2015-02-01,2016-01-31,土木一般世話役,埼玉県,22200
515,2015-02-01,2016-01-31,高級船員,埼玉県,27600
516,2015-02-01,2016-01-31,普通船員,埼玉県,21700
517,2015-02-01,2016-01-31,潜水士,埼玉県,35700
518,2015-02-01,2016-01-31,潜水連絡員,埼玉県,25400
519,2015-02-01,2016-01-31,潜水送気員,埼玉県,25400
520,2015-02-01,2016-01-31,山林砂防工,埼玉県,25500
521,2015-02-01,2016-01-31,軌道工,埼玉県,41700
522,2015-02-01,2016-01-31,型わく工,埼玉県,23400
523,2015-02-01,2016-01-31,大工,埼玉県,
524,2015-02-01,2016-01-31,左官,埼玉県,24100
525,2015-02-01,2016-01-31,配管工,埼玉県,20000
526,2015-02-01,2016-01-31,はつり工,埼玉県,22500
527,2015-02-01,2016-01-31,防水工,埼玉県,25900
528,2015-02-01,2016-01-31,板金工,埼玉県,24900
529,2015-02-01,2016-01-31,タイル工,埼玉県,
530,2015-02-01,2016-01-31,サッシ工,埼玉県,22900
531,2015-02-01,2016-01-31,内装工,埼玉県,25100
532,2015-02-01,2016-01-31,ガラス工,埼玉県,22300
533,2015-02-01,2016-01-31,建具工,埼玉県,21800
534,2015-02-01,2016-01-31,ダクト工,埼玉県,20100
535,2015-02-01,2016-01-31,保温工,埼玉県,20700
536,2015-02-01,2016-01-31,設備機械工,埼玉県,21100
537,2015-02-01,2016-01-31,交通誘導警備員A,埼玉県,12200
538,2015-02-01,2016-01-31,交通誘導警備員B,埼玉県,10900
539,2015-02-01,2016-01-31,特殊作業員,千葉県,21400
540,2015-02-01,2016-01-31,普通作業員,千葉県,18100
541,2015-02-01,2016-01-31,軽作業員,千葉県,13100
542,2015-02-01,2016-01-31,造園工,千葉県,20100
543,2015-02-01,2016-01-31,法面工,千葉県,23200
544,2015-02-01,2016-01-31,とび工,千葉県,24800
545,2015-02-01,2016-01-31,石工,千葉県,24700
546,2015-02-01,2016-01-31,ブロック工,千葉県,
547,2015-02-01,2016-01-31,電工,千葉県,21500
548,2015-02-01,2016-01-31,鉄筋工,千葉県,25200
549,2015-02-01,2016-01-31,鉄骨工,千葉県,22500
550,2015-02-01,2016-01-31,塗装工,千葉県,24200
551,2015-02-01,2016-01-31,溶接工,千葉県,25600
552,2015-02-01,2016-01-31,運転手（特殊）,千葉県,21300
553,2015-02-01,2016-01-31,運転手（一般）,千葉県,19000
554,2015-02-01,2016-01-31,潜かん工,千葉県,26600
555,2015-02-01,2016-01-31,潜かん世話役,千葉県,31500
556,2015-02-01,2016-01-31,さく岩工,千葉県,24400
557,2015-02-01,2016-01-31,トンネル特殊工,千葉県,25400
558,2015-02-01,2016-01-31,トンネル作業員,千葉県,21800
559,2015-02-01,2016-01-31,トンネル世話役,千葉県,28700
560,2015-02-01,2016-01-31,橋りょう特殊工,千葉県,27200
561,2015-02-01,2016-01-31,橋りょう塗装工,千葉県,27900
562,2015-02-01,2016-01-31,橋りょう世話役,千葉県,30500
563,2015-02-01,2016-01-31,土木一般世話役,千葉県,22700
564,2015-02-01,2016-01-31,高級船員,千葉県,27600
565,2015-02-01,2016-01-31,普通船員,千葉県,21700
566,2015-02-01,2016-01-31,潜水士,千葉県,35700
567,2015-02-01,2016-01-31,潜水連絡員,千葉県,25400
568,2015-02-01,2016-01-31,潜水送気員,千葉県,25400
569,2015-02-01,2016-01-31,山林砂防工,千葉県,25500
570,2015-02-01,2016-01-31,軌道工,千葉県,42700
571,2015-02-01,2016-01-31,型わく工,千葉県,22600
572,2015-02-01,2016-01-31,大工,千葉県,
573,2015-02-01,2016-01-31,左官,千葉県,24600
574,2015-02-01,2016-01-31,配管工,千葉県,20500
575,2015-02-01,2016-01-31,はつり工,千葉県,22500
576,2015-02-01,2016-01-31,防水工,千葉県,26000
577,2015-02-01,2016-01-31,板金工,千葉県,25000
578,2015-02-01,2016-01-31,タイル工,千葉県,
579,2015-02-01,2016-01-31,サッシ工,千葉県,23000
580,2015-02-01,2016-01-31,内装工,千葉県,24700
581,2015-02-01,2016-01-31,ガラス工,千葉県,22300
582,2015-02-01,2016-01-31,建具工,千葉県,21800
583,2015-02-01,2016-01-31,ダクト工,千葉県,20200
584,2015-02-01,2016-01-31,保温工,千葉県,20700
585,2015-02-01,2016-01-31,設備機械工,千葉県,21100
586,2015-02-01,2016-01-31,交通誘導警備員A,千葉県,12600
587,2015-02-01,2016-01-31,交通誘導警備員B,千葉県,10900
588,2015-02-01,2016-01-31,特殊作業員,東京都,22000
589,2015-02-01,2016-01-31,普通作業員,東京都,19200
590,2015-02-01,2016-01-31,軽作業員,東京都,13700
591,2015-02-01,2016-01-31,造園工,東京都,20100
592,2015-02-01,2016-01-31,法面工,東京都,24400
593,2015-02-01,2016-01-31,とび工,東京都,24600
594,2015-02-01,2016-01-31,石工,東京都,24700
595,2015-02-01,2016-01-31,ブロック工,東京都,
596,2015-02-01,2016-01-31,電工,東京都,23600
597,2015-02-01,2016-01-31,鉄筋工,東京都,24800
598,2015-02-01,2016-01-31,鉄骨工,東京都,23200
599,2015-02-01,2016-01-31,塗装工,東京都,25400
600,2015-02-01,2016-01-31,溶接工,東京都,27200
601,2015-02-01,2016-01-31,運転手（特殊）,東京都,21600
602,2015-02-01,2016-01-31,運転手（一般）,東京都,17900
603,2015-02-01,2016-01-31,潜かん工,東京都,26600
604,2015-02-01,2016-01-31,潜かん世話役,東京都,31500
605,2015-02-01,2016-01-31,さく岩工,東京都,24400
606,2015-02-01,2016-01-31,トンネル特殊工,東京都,25200
607,2015-02-01,2016-01-31,トンネル作業員,東京都,21800
608,2015-02-01,2016-01-31,トンネル世話役,東京都,28700
609,2015-02-01,2016-01-31,橋りょう特殊工,東京都,27000
610,2015-02-01,2016-01-31,橋りょう塗装工,東京都,27900
611,2015-02-01,2016-01-31,橋りょう世話役,東京都,30900
612,2015-02-01,2016-01-31,土木一般世話役,東京都,23300
613,2015-02-01,2016-01-31,高級船員,東京都,27600
614,2015-02-01,2016-01-31,普通船員,東京都,21700
615,2015-02-01,2016-01-31,潜水士,東京都,36900
616,2015-02-01,2016-01-31,潜水連絡員,東京都,25400
617,2015-02-01,2016-01-31,潜水送気員,東京都,25200
618,2015-02-01,2016-01-31,山林砂防工,東京都,25500
619,2015-02-01,2016-01-31,軌道工,東京都,40700
620,2015-02-01,2016-01-31,型わく工,東京都,23500
621,2015-02-01,2016-01-31,大工,東京都,
622,2015-02-01,2016-01-31,左官,東京都,24900
623,2015-02-01,2016-01-31,配管工,東京都,20700
624,2015-02-01,2016-01-31,はつり工,東京都,22500
625,2015-02-01,2016-01-31,防水工,東京都,26900
626,2015-02-01,2016-01-31,板金工,東京都,25000
627,2015-02-01,2016-01-31,タイル工,東京都,
628,2015-02-01,2016-01-31,サッシ工,東京都,23100
629,2015-02-01,2016-01-31,内装工,東京都,24900
630,2015-02-01,2016-01-31,ガラス工,東京都,22300
631,2015-02-01,2016-01-31,建具工,東京都,21800
632,2015-02-01,2016-01-31,ダクト工,東京都,20500
633,2015-02-01,2016-01-31,保温工,東京都,20700
634,2015-02-01,2016-01-31,設備機械工,東京都,21100
635,2015-02-01,2016-01-31,交通誘導警備員A,東京都,12800
636,2015-02-01,2016-01-31,交通誘導警備員B,東京都,11100
637,2015-02-01,2016-01-31,特殊作業員,神奈川県,22200
638,2015-02-01,2016-01-31,普通作業員,神奈川県,19200
639,2015-02-01,2016-01-31,軽作業員,神奈川県,13400
640,2015-02-01,2016-01-31,造園工,神奈川県,19600
641,2015-02-01,2016-01-31,法面工,神奈川県,23200
642,2015-02-01,2016-01-31,とび工,神奈川県,24600
643,2015-02-01,2016-01-31,石工,神奈川県,24500
644,2015-02-01,2016-01-31,ブロック工,神奈川県,23000
645,2015-02-01,2016-01-31,電工,神奈川県,21600
646,2015-02-01,2016-01-31,鉄筋工,神奈川県,23400
647,2015-02-01,2016-01-31,鉄骨工,神奈川県,23200
648,2015-02-01,2016-01-31,塗装工,神奈川県,25400
649,2015-02-01,2016-01-31,溶接工,神奈川県,27900
650,2015-02-01,2016-01-31,運転手（特殊）,神奈川県,22500
651,2015-02-01,2016-01-31,運転手（一般）,神奈川県,19200
652,2015-02-01,2016-01-31,潜かん工,神奈川県,26600
653,2015-02-01,2016-01-31,潜かん世話役,神奈川県,31500
654,2015-02-01,2016-01-31,さく岩工,神奈川県,24400
655,2015-02-01,2016-01-31,トンネル特殊工,神奈川県,25200
656,2015-02-01,2016-01-31,トンネル作業員,神奈川県,21800
657,2015-02-01,2016-01-31,トンネル世話役,神奈川県,28700
658,2015-02-01,2016-01-31,橋りょう特殊工,神奈川県,26800
659,2015-02-01,2016-01-31,橋りょう塗装工,神奈川県,27900
660,2015-02-01,2016-01-31,橋りょう世話役,神奈川県,30200
661,2015-02-01,2016-01-31,土木一般世話役,神奈川県,23700
662,2015-02-01,2016-01-31,高級船員,神奈川県,27600
663,2015-02-01,2016-01-31,普通船員,神奈川県,21700
664,2015-02-01,2016-01-31,潜水士,神奈川県,36200
665,2015-02-01,2016-01-31,潜水連絡員,神奈川県,24600
666,2015-02-01,2016-01-31,潜水送気員,神奈川県,24300
667,2015-02-01,2016-01-31,山林砂防工,神奈川県,25500
668,2015-02-01,2016-01-31,軌道工,神奈川県,39500
669,2015-02-01,2016-01-31,型わく工,神奈川県,23400
670,2015-02-01,2016-01-31,大工,神奈川県,
671,2015-02-01,2016-01-31,左官,神奈川県,24200
672,2015-02-01,2016-01-31,配管工,神奈川県,19900
673,2015-02-01,2016-01-31,はつり工,神奈川県,22500
674,2015-02-01,2016-01-31,防水工,神奈川県,24600
675,2015-02-01,2016-01-31,板金工,神奈川県,24500
676,2015-02-01,2016-01-31,タイル工,神奈川県,
677,2015-02-01,2016-01-31,サッシ工,神奈川県,22700
678,2015-02-01,2016-01-31,内装工,神奈川県,25200
679,2015-02-01,2016-01-31,ガラス工,神奈川県,22300
680,2015-02-01,2016-01-31,建具工,神奈川県,21800
681,2015-02-01,2016-01-31,ダクト工,神奈川県,19800
682,2015-02-01,2016-01-31,保温工,神奈川県,20700
683,2015-02-01,2016-01-31,設備機械工,神奈川県,21100
684,2015-02-01,2016-01-31,交通誘導警備員A,神奈川県,13000
685,2015-02-01,2016-01-31,交通誘導警備員B,神奈川県,11300
686,2015-02-01,2016-01-31,特殊作業員,山梨県,20900
687,2015-02-01,2016-01-31,普通作業員,山梨県,18900
688,2015-02-01,2016-01-31,軽作業員,山梨県,13000
689,2015-02-01,2016-01-31,造園工,山梨県,19500
690,2015-02-01,2016-01-31,法面工,山梨県,23800
691,2015-02-01,2016-01-31,とび工,山梨県,22000
692,2015-02-01,2016-01-31,石工,山梨県,24400
693,2015-02-01,2016-01-31,ブロック工,山梨県,22900
694,2015-02-01,2016-01-31,電工,山梨県,21100
695,2015-02-01,2016-01-31,鉄筋工,山梨県,22800
696,2015-02-01,2016-01-31,鉄骨工,山梨県,23400
697,2015-02-01,2016-01-31,塗装工,山梨県,24000
698,2015-02-01,2016-01-31,溶接工,山梨県,26800
699,2015-02-01,2016-01-31,運転手（特殊）,山梨県,21400
700,2015-02-01,2016-01-31,運転手（一般）,山梨県,18500
701,2015-02-01,2016-01-31,潜かん工,山梨県,26600
702,2015-02-01,2016-01-31,潜かん世話役,山梨県,31600
703,2015-02-01,2016-01-31,さく岩工,山梨県,24500
704,2015-02-01,2016-01-31,トンネル特殊工,山梨県,26900
705,2015-02-01,2016-01-31,トンネル作業員,山梨県,21900
706,2015-02-01,2016-01-31,トンネル世話役,山梨県,28800
707,2015-02-01,2016-01-31,橋りょう特殊工,山梨県,26900
708,2015-02-01,2016-01-31,橋りょう塗装工,山梨県,28000
709,2015-02-01,2016-01-31,橋りょう世話役,山梨県,29700
710,2015-02-01,2016-01-31,土木一般世話役,山梨県,22500
711,2015-02-01,2016-01-31,高級船員,山梨県,27500
712,2015-02-01,2016-01-31,普通船員,山梨県,21600
713,2015-02-01,2016-01-31,潜水士,山梨県,36600
714,2015-02-01,2016-01-31,潜水連絡員,山梨県,24200
715,2015-02-01,2016-01-31,潜水送気員,山梨県,24300
716,2015-02-01,2016-01-31,山林砂防工,山梨県,25500
717,2015-02-01,2016-01-31,軌道工,山梨県,39100
718,2015-02-01,2016-01-31,型わく工,山梨県,23400
719,2015-02-01,2016-01-31,大工,山梨県,
720,2015-02-01,2016-01-31,左官,山梨県,23800
721,2015-02-01,2016-01-31,配管工,山梨県,19900
722,2015-02-01,2016-01-31,はつり工,山梨県,22600
723,2015-02-01,2016-01-31,防水工,山梨県,24300
724,2015-02-01,2016-01-31,板金工,山梨県,24200
725,2015-02-01,2016-01-31,タイル工,山梨県,
726,2015-02-01,2016-01-31,サッシ工,山梨県,22800
727,2015-02-01,2016-01-31,内装工,山梨県,25300
728,2015-02-01,2016-01-31,ガラス工,山梨県,22400
729,2015-02-01,2016-01-31,建具工,山梨県,21800
730,2015-02-01,2016-01-31,ダクト工,山梨県,19700
731,2015-02-01,2016-01-31,保温工,山梨県,20800
732,2015-02-01,2016-01-31,設備機械工,山梨県,21100
733,2015-02-01,2016-01-31,交通誘導警備員A,山梨県,11800
734,2015-02-01,2016-01-31,交通誘導警備員B,山梨県,10300
735,2015-02-01,2016-01-31,特殊作業員,長野県,20200
736,2015-02-01,2016-01-31,普通作業員,長野県,17400
737,2015-02-01,2016-01-31,軽作業員,長野県,13800
738,2015-02-01,2016-01-31,造園工,長野県,18800
739,2015-02-01,2016-01-31,法面工,長野県,22900
740,2015-02-01,2016-01-31,とび工,長野県,21500
741,2015-02-01,2016-01-31,石工,長野県,23200
742,2015-02-01,2016-01-31,ブロック工,長野県,22300
743,2015-02-01,2016-01-31,電工,長野県,19000
744,2015-02-01,2016-01-31,鉄筋工,長野県,21200
745,2015-02-01,2016-01-31,鉄骨工,長野県,21800
746,2015-02-01,2016-01-31,塗装工,長野県,21400
747,2015-02-01,2016-01-31,溶接工,長野県,23500
748,2015-02-01,2016-01-31,運転手（特殊）,長野県,19200
749,2015-02-01,2016-01-31,運転手（一般）,長野県,16800
750,2015-02-01,2016-01-31,潜かん工,長野県,26800
751,2015-02-01,2016-01-31,潜かん世話役,長野県,31700
752,2015-02-01,2016-01-31,さく岩工,長野県,24600
753,2015-02-01,2016-01-31,トンネル特殊工,長野県,27000
754,2015-02-01,2016-01-31,トンネル作業員,長野県,22100
755,2015-02-01,2016-01-31,トンネル世話役,長野県,29000
756,2015-02-01,2016-01-31,橋りょう特殊工,長野県,27000
757,2015-02-01,2016-01-31,橋りょう塗装工,長野県,28200
758,2015-02-01,2016-01-31,橋りょう世話役,長野県,29100
759,2015-02-01,2016-01-31,土木一般世話役,長野県,21900
760,2015-02-01,2016-01-31,高級船員,長野県,27700
761,2015-02-01,2016-01-31,普通船員,長野県,21700
762,2015-02-01,2016-01-31,潜水士,長野県,34800
763,2015-02-01,2016-01-31,潜水連絡員,長野県,22900
764,2015-02-01,2016-01-31,潜水送気員,長野県,24100
765,2015-02-01,2016-01-31,山林砂防工,長野県,25500
766,2015-02-01,2016-01-31,軌道工,長野県,34300
767,2015-02-01,2016-01-31,型わく工,長野県,20300
768,2015-02-01,2016-01-31,大工,長野県,22500
769,2015-02-01,2016-01-31,左官,長野県,20400
770,2015-02-01,2016-01-31,配管工,長野県,18300
771,2015-02-01,2016-01-31,はつり工,長野県,22700
772,2015-02-01,2016-01-31,防水工,長野県,22600
773,2015-02-01,2016-01-31,板金工,長野県,22600
774,2015-02-01,2016-01-31,タイル工,長野県,
775,2015-02-01,2016-01-31,サッシ工,長野県,22100
776,2015-02-01,2016-01-31,内装工,長野県,24100
777,2015-02-01,2016-01-31,ガラス工,長野県,22500
778,2015-02-01,2016-01-31,建具工,長野県,21800
779,2015-02-01,2016-01-31,ダクト工,長野県,18400
780,2015-02-01,2016-01-31,保温工,長野県,20900
781,2015-02-01,2016-01-31,設備機械工,長野県,21100
782,2015-02-01,2016-01-31,交通誘導警備員A,長野県,10800
783,2015-02-01,2016-01-31,交通誘導警備員B,長野県,9300
784,2015-02-01,2016-01-31,特殊作業員,新潟県,18300
785,2015-02-01,2016-01-31,普通作業員,新潟県,15500
786,2015-02-01,2016-01-31,軽作業員,新潟県,13400
787,2015-02-01,2016-01-31,造園工,新潟県,17500
788,2015-02-01,2016-01-31,法面工,新潟県,21700
789,2015-02-01,2016-01-31,とび工,新潟県,18800
790,2015-02-01,2016-01-31,石工,新潟県,
791,2015-02-01,2016-01-31,ブロック工,新潟県,
792,2015-02-01,2016-01-31,電工,新潟県,17500
793,2015-02-01,2016-01-31,鉄筋工,新潟県,19700
794,2015-02-01,2016-01-31,鉄骨工,新潟県,18500
795,2015-02-01,2016-01-31,塗装工,新潟県,19100
796,2015-02-01,2016-01-31,溶接工,新潟県,20100
797,2015-02-01,2016-01-31,運転手（特殊）,新潟県,18100
798,2015-02-01,2016-01-31,運転手（一般）,新潟県,15900
799,2015-02-01,2016-01-31,潜かん工,新潟県,27400
800,2015-02-01,2016-01-31,潜かん世話役,新潟県,32400
801,2015-02-01,2016-01-31,さく岩工,新潟県,
802,2015-02-01,2016-01-31,トンネル特殊工,新潟県,27800
803,2015-02-01,2016-01-31,トンネル作業員,新潟県,20300
804,2015-02-01,2016-01-31,トンネル世話役,新潟県,28200
805,2015-02-01,2016-01-31,橋りょう特殊工,新潟県,23500
806,2015-02-01,2016-01-31,橋りょう塗装工,新潟県,28300
807,2015-02-01,2016-01-31,橋りょう世話役,新潟県,26700
808,2015-02-01,2016-01-31,土木一般世話役,新潟県,19300
809,2015-02-01,2016-01-31,高級船員,新潟県,24200
810,2015-02-01,2016-01-31,普通船員,新潟県,20000
811,2015-02-01,2016-01-31,潜水士,新潟県,33800
812,2015-02-01,2016-01-31,潜水連絡員,新潟県,20500
813,2015-02-01,2016-01-31,潜水送気員,新潟県,22200
814,2015-02-01,2016-01-31,山林砂防工,新潟県,22700
815,2015-02-01,2016-01-31,軌道工,新潟県,24500
816,2015-02-01,2016-01-31,型わく工,新潟県,18700
817,2015-02-01,2016-01-31,大工,新潟県,19000
818,2015-02-01,2016-01-31,左官,新潟県,18700
819,2015-02-01,2016-01-31,配管工,新潟県,18000
820,2015-02-01,2016-01-31,はつり工,新潟県,18500
821,2015-02-01,2016-01-31,防水工,新潟県,19000
822,2015-02-01,2016-01-31,板金工,新潟県,19400
823,2015-02-01,2016-01-31,タイル工,新潟県,
824,2015-02-01,2016-01-31,サッシ工,新潟県,21700
825,2015-02-01,2016-01-31,内装工,新潟県,19800
826,2015-02-01,2016-01-31,ガラス工,新潟県,18800
827,2015-02-01,2016-01-31,建具工,新潟県,
828,2015-02-01,2016-01-31,ダクト工,新潟県,17700
829,2015-02-01,2016-01-31,保温工,新潟県,19500
830,2015-02-01,2016-01-31,設備機械工,新潟県,19700
831,2015-02-01,2016-01-31,交通誘導警備員A,新潟県,11300
832,2015-02-01,2016-01-31,交通誘導警備員B,新潟県,9800
833,2015-02-01,2016-01-31,特殊作業員,富山県,19500
834,2015-02-01,2016-01-31,普通作業員,富山県,16500
835,2015-02-01,2016-01-31,軽作業員,富山県,12700
836,2015-02-01,2016-01-31,造園工,富山県,17300
837,2015-02-01,2016-01-31,法面工,富山県,23100
838,2015-02-01,2016-01-31,とび工,富山県,21000
839,2015-02-01,2016-01-31,石工,富山県,
840,2015-02-01,2016-01-31,ブロック工,富山県,
841,2015-02-01,2016-01-31,電工,富山県,18500
842,2015-02-01,2016-01-31,鉄筋工,富山県,21200
843,2015-02-01,2016-01-31,鉄骨工,富山県,20500
844,2015-02-01,2016-01-31,塗装工,富山県,20400
845,2015-02-01,2016-01-31,溶接工,富山県,21000
846,2015-02-01,2016-01-31,運転手（特殊）,富山県,19200
847,2015-02-01,2016-01-31,運転手（一般）,富山県,15900
848,2015-02-01,2016-01-31,潜かん工,富山県,27400
849,2015-02-01,2016-01-31,潜かん世話役,富山県,32500
850,2015-02-01,2016-01-31,さく岩工,富山県,
851,2015-02-01,2016-01-31,トンネル特殊工,富山県,27500
852,2015-02-01,2016-01-31,トンネル作業員,富山県,20200
853,2015-02-01,2016-01-31,トンネル世話役,富山県,28300
854,2015-02-01,2016-01-31,橋りょう特殊工,富山県,23400
855,2015-02-01,2016-01-31,橋りょう塗装工,富山県,28400
856,2015-02-01,2016-01-31,橋りょう世話役,富山県,27300
857,2015-02-01,2016-01-31,土木一般世話役,富山県,20300
858,2015-02-01,2016-01-31,高級船員,富山県,24200
859,2015-02-01,2016-01-31,普通船員,富山県,20000
860,2015-02-01,2016-01-31,潜水士,富山県,34500
861,2015-02-01,2016-01-31,潜水連絡員,富山県,20600
862,2015-02-01,2016-01-31,潜水送気員,富山県,22800
863,2015-02-01,2016-01-31,山林砂防工,富山県,22700
864,2015-02-01,2016-01-31,軌道工,富山県,28400
865,2015-02-01,2016-01-31,型わく工,富山県,20700
866,2015-02-01,2016-01-31,大工,富山県,19500
867,2015-02-01,2016-01-31,左官,富山県,19300
868,2015-02-01,2016-01-31,配管工,富山県,18100
869,2015-02-01,2016-01-31,はつり工,富山県,18500
870,2015-02-01,2016-01-31,防水工,富山県,19000
871,2015-02-01,2016-01-31,板金工,富山県,19700
872,2015-02-01,2016-01-31,タイル工,富山県,
873,2015-02-01,2016-01-31,サッシ工,富山県,21000
874,2015-02-01,2016-01-31,内装工,富山県,19700
875,2015-02-01,2016-01-31,ガラス工,富山県,18800
876,2015-02-01,2016-01-31,建具工,富山県,
877,2015-02-01,2016-01-31,ダクト工,富山県,18200
878,2015-02-01,2016-01-31,保温工,富山県,19600
879,2015-02-01,2016-01-31,設備機械工,富山県,19700
880,2015-02-01,2016-01-31,交通誘導警備員A,富山県,11200
881,2015-02-01,2016-01-31,交通誘導警備員B,富山県,10200
882,2015-02-01,2016-01-31,特殊作業員,石川県,19700
883,2015-02-01,2016-01-31,普通作業員,石川県,17000
884,2015-02-01,2016-01-31,軽作業員,石川県,12600
885,2015-02-01,2016-01-31,造園工,石川県,17600
886,2015-02-01,2016-01-31,法面工,石川県,23200
887,2015-02-01,2016-01-31,とび工,石川県,21100
888,2015-02-01,2016-01-31,石工,石川県,
889,2015-02-01,2016-01-31,ブロック工,石川県,
890,2015-02-01,2016-01-31,電工,石川県,19400
891,2015-02-01,2016-01-31,鉄筋工,石川県,20800
892,2015-02-01,2016-01-31,鉄骨工,石川県,20100
893,2015-02-01,2016-01-31,塗装工,石川県,20100
894,2015-02-01,2016-01-31,溶接工,石川県,20700
895,2015-02-01,2016-01-31,運転手（特殊）,石川県,18700
896,2015-02-01,2016-01-31,運転手（一般）,石川県,16600
897,2015-02-01,2016-01-31,潜かん工,石川県,27400
898,2015-02-01,2016-01-31,潜かん世話役,石川県,32400
899,2015-02-01,2016-01-31,さく岩工,石川県,
900,2015-02-01,2016-01-31,トンネル特殊工,石川県,26200
901,2015-02-01,2016-01-31,トンネル作業員,石川県,20500
902,2015-02-01,2016-01-31,トンネル世話役,石川県,28200
903,2015-02-01,2016-01-31,橋りょう特殊工,石川県,23600
904,2015-02-01,2016-01-31,橋りょう塗装工,石川県,28300
905,2015-02-01,2016-01-31,橋りょう世話役,石川県,27800
906,2015-02-01,2016-01-31,土木一般世話役,石川県,22000
907,2015-02-01,2016-01-31,高級船員,石川県,24200
908,2015-02-01,2016-01-31,普通船員,石川県,20100
909,2015-02-01,2016-01-31,潜水士,石川県,33300
910,2015-02-01,2016-01-31,潜水連絡員,石川県,21300
911,2015-02-01,2016-01-31,潜水送気員,石川県,21400
912,2015-02-01,2016-01-31,山林砂防工,石川県,22700
913,2015-02-01,2016-01-31,軌道工,石川県,28900
914,2015-02-01,2016-01-31,型わく工,石川県,20300
915,2015-02-01,2016-01-31,大工,石川県,19500
916,2015-02-01,2016-01-31,左官,石川県,19000
917,2015-02-01,2016-01-31,配管工,石川県,18000
918,2015-02-01,2016-01-31,はつり工,石川県,18500
919,2015-02-01,2016-01-31,防水工,石川県,19800
920,2015-02-01,2016-01-31,板金工,石川県,19900
921,2015-02-01,2016-01-31,タイル工,石川県,
922,2015-02-01,2016-01-31,サッシ工,石川県,20600
923,2015-02-01,2016-01-31,内装工,石川県,19100
924,2015-02-01,2016-01-31,ガラス工,石川県,18800
925,2015-02-01,2016-01-31,建具工,石川県,
926,2015-02-01,2016-01-31,ダクト工,石川県,18300
927,2015-02-01,2016-01-31,保温工,石川県,19500
928,2015-02-01,2016-01-31,設備機械工,石川県,19700
929,2015-02-01,2016-01-31,交通誘導警備員A,石川県,11600
930,2015-02-01,2016-01-31,交通誘導警備員B,石川県,10100
931,2015-02-01,2016-01-31,特殊作業員,岐阜県,19600
932,2015-02-01,2016-01-31,普通作業員,岐阜県,17500
933,2015-02-01,2016-01-31,軽作業員,岐阜県,13000
934,2015-02-01,2016-01-31,造園工,岐阜県,18600
935,2015-02-01,2016-01-31,法面工,岐阜県,22600
936,2015-02-01,2016-01-31,とび工,岐阜県,21700
937,2015-02-01,2016-01-31,石工,岐阜県,
938,2015-02-01,2016-01-31,ブロック工,岐阜県,24400
939,2015-02-01,2016-01-31,電工,岐阜県,19300
940,2015-02-01,2016-01-31,鉄筋工,岐阜県,20900
941,2015-02-01,2016-01-31,鉄骨工,岐阜県,20700
942,2015-02-01,2016-01-31,塗装工,岐阜県,21200
943,2015-02-01,2016-01-31,溶接工,岐阜県,23200
944,2015-02-01,2016-01-31,運転手（特殊）,岐阜県,20400
945,2015-02-01,2016-01-31,運転手（一般）,岐阜県,17600
946,2015-02-01,2016-01-31,潜かん工,岐阜県,27100
947,2015-02-01,2016-01-31,潜かん世話役,岐阜県,32100
948,2015-02-01,2016-01-31,さく岩工,岐阜県,23500
949,2015-02-01,2016-01-31,トンネル特殊工,岐阜県,26100
950,2015-02-01,2016-01-31,トンネル作業員,岐阜県,21700
951,2015-02-01,2016-01-31,トンネル世話役,岐阜県,28000
952,2015-02-01,2016-01-31,橋りょう特殊工,岐阜県,25200
953,2015-02-01,2016-01-31,橋りょう塗装工,岐阜県,27300
954,2015-02-01,2016-01-31,橋りょう世話役,岐阜県,28300
955,2015-02-01,2016-01-31,土木一般世話役,岐阜県,21900
956,2015-02-01,2016-01-31,高級船員,岐阜県,25100
957,2015-02-01,2016-01-31,普通船員,岐阜県,20200
958,2015-02-01,2016-01-31,潜水士,岐阜県,32000
959,2015-02-01,2016-01-31,潜水連絡員,岐阜県,20900
960,2015-02-01,2016-01-31,潜水送気員,岐阜県,20500
961,2015-02-01,2016-01-31,山林砂防工,岐阜県,25200
962,2015-02-01,2016-01-31,軌道工,岐阜県,32800
963,2015-02-01,2016-01-31,型わく工,岐阜県,22400
964,2015-02-01,2016-01-31,大工,岐阜県,22600
965,2015-02-01,2016-01-31,左官,岐阜県,20300
966,2015-02-01,2016-01-31,配管工,岐阜県,18900
967,2015-02-01,2016-01-31,はつり工,岐阜県,21500
968,2015-02-01,2016-01-31,防水工,岐阜県,20700
969,2015-02-01,2016-01-31,板金工,岐阜県,20600
970,2015-02-01,2016-01-31,タイル工,岐阜県,
971,2015-02-01,2016-01-31,サッシ工,岐阜県,21600
972,2015-02-01,2016-01-31,内装工,岐阜県,21100
973,2015-02-01,2016-01-31,ガラス工,岐阜県,20600
974,2015-02-01,2016-01-31,建具工,岐阜県,19200
975,2015-02-01,2016-01-31,ダクト工,岐阜県,18100
976,2015-02-01,2016-01-31,保温工,岐阜県,21500
977,2015-02-01,2016-01-31,設備機械工,岐阜県,22200
978,2015-02-01,2016-01-31,交通誘導警備員A,岐阜県,11500
979,2015-02-01,2016-01-31,交通誘導警備員B,岐阜県,10300
980,2015-02-01,2016-01-31,特殊作業員,静岡県,19400
981,2015-02-01,2016-01-31,普通作業員,静岡県,18400
982,2015-02-01,2016-01-31,軽作業員,静岡県,11800
983,2015-02-01,2016-01-31,造園工,静岡県,18600
984,2015-02-01,2016-01-31,法面工,静岡県,22200
985,2015-02-01,2016-01-31,とび工,静岡県,21100
986,2015-02-01,2016-01-31,石工,静岡県,25000
987,2015-02-01,2016-01-31,ブロック工,静岡県,25500
988,2015-02-01,2016-01-31,電工,静岡県,20400
989,2015-02-01,2016-01-31,鉄筋工,静岡県,21400
990,2015-02-01,2016-01-31,鉄骨工,静岡県,22500
991,2015-02-01,2016-01-31,塗装工,静岡県,22500
992,2015-02-01,2016-01-31,溶接工,静岡県,25000
993,2015-02-01,2016-01-31,運転手（特殊）,静岡県,19900
994,2015-02-01,2016-01-31,運転手（一般）,静岡県,17300
995,2015-02-01,2016-01-31,潜かん工,静岡県,27100
996,2015-02-01,2016-01-31,潜かん世話役,静岡県,32000
997,2015-02-01,2016-01-31,さく岩工,静岡県,23400
998,2015-02-01,2016-01-31,トンネル特殊工,静岡県,27300
999,2015-02-01,2016-01-31,トンネル作業員,静岡県,21400
1000,2015-02-01,2016-01-31,トンネル世話役,静岡県,28000
1001,2015-02-01,2016-01-31,橋りょう特殊工,静岡県,25900
1002,2015-02-01,2016-01-31,橋りょう塗装工,静岡県,27300
1003,2015-02-01,2016-01-31,橋りょう世話役,静岡県,28500
1004,2015-02-01,2016-01-31,土木一般世話役,静岡県,22100
1005,2015-02-01,2016-01-31,高級船員,静岡県,25100
1006,2015-02-01,2016-01-31,普通船員,静岡県,20200
1007,2015-02-01,2016-01-31,潜水士,静岡県,36400
1008,2015-02-01,2016-01-31,潜水連絡員,静岡県,22700
1009,2015-02-01,2016-01-31,潜水送気員,静岡県,23300
1010,2015-02-01,2016-01-31,山林砂防工,静岡県,25200
1011,2015-02-01,2016-01-31,軌道工,静岡県,35100
1012,2015-02-01,2016-01-31,型わく工,静岡県,21100
1013,2015-02-01,2016-01-31,大工,静岡県,
1014,2015-02-01,2016-01-31,左官,静岡県,21500
1015,2015-02-01,2016-01-31,配管工,静岡県,19300
1016,2015-02-01,2016-01-31,はつり工,静岡県,21400
1017,2015-02-01,2016-01-31,防水工,静岡県,22800
1018,2015-02-01,2016-01-31,板金工,静岡県,21500
1019,2015-02-01,2016-01-31,タイル工,静岡県,
1020,2015-02-01,2016-01-31,サッシ工,静岡県,21400
1021,2015-02-01,2016-01-31,内装工,静岡県,26400
1022,2015-02-01,2016-01-31,ガラス工,静岡県,20600
1023,2015-02-01,2016-01-31,建具工,静岡県,19200
1024,2015-02-01,2016-01-31,ダクト工,静岡県,19800
1025,2015-02-01,2016-01-31,保温工,静岡県,21400
1026,2015-02-01,2016-01-31,設備機械工,静岡県,22200
1027,2015-02-01,2016-01-31,交通誘導警備員A,静岡県,11900
1028,2015-02-01,2016-01-31,交通誘導警備員B,静岡県,10100
1029,2015-02-01,2016-01-31,特殊作業員,愛知県,20400
1030,2015-02-01,2016-01-31,普通作業員,愛知県,17500
1031,2015-02-01,2016-01-31,軽作業員,愛知県,13400
1032,2015-02-01,2016-01-31,造園工,愛知県,18800
1033,2015-02-01,2016-01-31,法面工,愛知県,23400
1034,2015-02-01,2016-01-31,とび工,愛知県,22500
1035,2015-02-01,2016-01-31,石工,愛知県,
1036,2015-02-01,2016-01-31,ブロック工,愛知県,25500
1037,2015-02-01,2016-01-31,電工,愛知県,19400
1038,2015-02-01,2016-01-31,鉄筋工,愛知県,20900
1039,2015-02-01,2016-01-31,鉄骨工,愛知県,21100
1040,2015-02-01,2016-01-31,塗装工,愛知県,22100
1041,2015-02-01,2016-01-31,溶接工,愛知県,24400
1042,2015-02-01,2016-01-31,運転手（特殊）,愛知県,20100
1043,2015-02-01,2016-01-31,運転手（一般）,愛知県,18100
1044,2015-02-01,2016-01-31,潜かん工,愛知県,27100
1045,2015-02-01,2016-01-31,潜かん世話役,愛知県,32100
1046,2015-02-01,2016-01-31,さく岩工,愛知県,23500
1047,2015-02-01,2016-01-31,トンネル特殊工,愛知県,26800
1048,2015-02-01,2016-01-31,トンネル作業員,愛知県,21500
1049,2015-02-01,2016-01-31,トンネル世話役,愛知県,28000
1050,2015-02-01,2016-01-31,橋りょう特殊工,愛知県,25100
1051,2015-02-01,2016-01-31,橋りょう塗装工,愛知県,27300
1052,2015-02-01,2016-01-31,橋りょう世話役,愛知県,27900
1053,2015-02-01,2016-01-31,土木一般世話役,愛知県,21900
1054,2015-02-01,2016-01-31,高級船員,愛知県,25100
1055,2015-02-01,2016-01-31,普通船員,愛知県,20200
1056,2015-02-01,2016-01-31,潜水士,愛知県,34300
1057,2015-02-01,2016-01-31,潜水連絡員,愛知県,22200
1058,2015-02-01,2016-01-31,潜水送気員,愛知県,20800
1059,2015-02-01,2016-01-31,山林砂防工,愛知県,25200
1060,2015-02-01,2016-01-31,軌道工,愛知県,33400
1061,2015-02-01,2016-01-31,型わく工,愛知県,22700
1062,2015-02-01,2016-01-31,大工,愛知県,
1063,2015-02-01,2016-01-31,左官,愛知県,20900
1064,2015-02-01,2016-01-31,配管工,愛知県,19500
1065,2015-02-01,2016-01-31,はつり工,愛知県,21500
1066,2015-02-01,2016-01-31,防水工,愛知県,22400
1067,2015-02-01,2016-01-31,板金工,愛知県,20900
1068,2015-02-01,2016-01-31,タイル工,愛知県,
1069,2015-02-01,2016-01-31,サッシ工,愛知県,21400
1070,2015-02-01,2016-01-31,内装工,愛知県,
1071,2015-02-01,2016-01-31,ガラス工,愛知県,20600
1072,2015-02-01,2016-01-31,建具工,愛知県,19200
1073,2015-02-01,2016-01-31,ダクト工,愛知県,18700
1074,2015-02-01,2016-01-31,保温工,愛知県,21500
1075,2015-02-01,2016-01-31,設備機械工,愛知県,22200
1076,2015-02-01,2016-01-31,交通誘導警備員A,愛知県,12200
1077,2015-02-01,2016-01-31,交通誘導警備員B,愛知県,10500
1078,2015-02-01,2016-01-31,特殊作業員,三重県,19500
1079,2015-02-01,2016-01-31,普通作業員,三重県,16900
1080,2015-02-01,2016-01-31,軽作業員,三重県,12600
1081,2015-02-01,2016-01-31,造園工,三重県,18800
1082,2015-02-01,2016-01-31,法面工,三重県,23000
1083,2015-02-01,2016-01-31,とび工,三重県,23000
1084,2015-02-01,2016-01-31,石工,三重県,26100
1085,2015-02-01,2016-01-31,ブロック工,三重県,23200
1086,2015-02-01,2016-01-31,電工,三重県,19300
1087,2015-02-01,2016-01-31,鉄筋工,三重県,21100
1088,2015-02-01,2016-01-31,鉄骨工,三重県,21900
1089,2015-02-01,2016-01-31,塗装工,三重県,21500
1090,2015-02-01,2016-01-31,溶接工,三重県,24000
1091,2015-02-01,2016-01-31,運転手（特殊）,三重県,18900
1092,2015-02-01,2016-01-31,運転手（一般）,三重県,17400
1093,2015-02-01,2016-01-31,潜かん工,三重県,27100
1094,2015-02-01,2016-01-31,潜かん世話役,三重県,32100
1095,2015-02-01,2016-01-31,さく岩工,三重県,23500
1096,2015-02-01,2016-01-31,トンネル特殊工,三重県,25100
1097,2015-02-01,2016-01-31,トンネル作業員,三重県,21500
1098,2015-02-01,2016-01-31,トンネル世話役,三重県,28100
1099,2015-02-01,2016-01-31,橋りょう特殊工,三重県,25100
1100,2015-02-01,2016-01-31,橋りょう塗装工,三重県,27300
1101,2015-02-01,2016-01-31,橋りょう世話役,三重県,28900
1102,2015-02-01,2016-01-31,土木一般世話役,三重県,21000
1103,2015-02-01,2016-01-31,高級船員,三重県,24900
1104,2015-02-01,2016-01-31,普通船員,三重県,20000
1105,2015-02-01,2016-01-31,潜水士,三重県,34300
1106,2015-02-01,2016-01-31,潜水連絡員,三重県,21600
1107,2015-02-01,2016-01-31,潜水送気員,三重県,20700
1108,2015-02-01,2016-01-31,山林砂防工,三重県,25000
1109,2015-02-01,2016-01-31,軌道工,三重県,34400
1110,2015-02-01,2016-01-31,型わく工,三重県,21100
1111,2015-02-01,2016-01-31,大工,三重県,
1112,2015-02-01,2016-01-31,左官,三重県,20400
1113,2015-02-01,2016-01-31,配管工,三重県,19800
1114,2015-02-01,2016-01-31,はつり工,三重県,21500
1115,2015-02-01,2016-01-31,防水工,三重県,22200
1116,2015-02-01,2016-01-31,板金工,三重県,22300
1117,2015-02-01,2016-01-31,タイル工,三重県,
1118,2015-02-01,2016-01-31,サッシ工,三重県,21700
1119,2015-02-01,2016-01-31,内装工,三重県,
1120,2015-02-01,2016-01-31,ガラス工,三重県,20600
1121,2015-02-01,2016-01-31,建具工,三重県,19200
1122,2015-02-01,2016-01-31,ダクト工,三重県,18800
1123,2015-02-01,2016-01-31,保温工,三重県,21500
1124,2015-02-01,2016-01-31,設備機械工,三重県,22100
1125,2015-02-01,2016-01-31,交通誘導警備員A,三重県,11600
1126,2015-02-01,2016-01-31,交通誘導警備員B,三重県,10000
1127,2015-02-01,2016-01-31,特殊作業員,福井県,18400
1128,2015-02-01,2016-01-31,普通作業員,福井県,15200
1129,2015-02-01,2016-01-31,軽作業員,福井県,11400
1130,2015-02-01,2016-01-31,造園工,福井県,18100
1131,2015-02-01,2016-01-31,法面工,福井県,21100
1132,2015-02-01,2016-01-31,とび工,福井県,19800
1133,2015-02-01,2016-01-31,石工,福井県,
1134,2015-02-01,2016-01-31,ブロック工,福井県,
1135,2015-02-01,2016-01-31,電工,福井県,18500
1136,2015-02-01,2016-01-31,鉄筋工,福井県,19200
1137,2015-02-01,2016-01-31,鉄骨工,福井県,19600
1138,2015-02-01,2016-01-31,塗装工,福井県,21300
1139,2015-02-01,2016-01-31,溶接工,福井県,21100
1140,2015-02-01,2016-01-31,運転手（特殊）,福井県,17700
1141,2015-02-01,2016-01-31,運転手（一般）,福井県,17300
1142,2015-02-01,2016-01-31,潜かん工,福井県,26600
1143,2015-02-01,2016-01-31,潜かん世話役,福井県,31500
1144,2015-02-01,2016-01-31,さく岩工,福井県,21300
1145,2015-02-01,2016-01-31,トンネル特殊工,福井県,24800
1146,2015-02-01,2016-01-31,トンネル作業員,福井県,19600
1147,2015-02-01,2016-01-31,トンネル世話役,福井県,27300
1148,2015-02-01,2016-01-31,橋りょう特殊工,福井県,25100
1149,2015-02-01,2016-01-31,橋りょう塗装工,福井県,26300
1150,2015-02-01,2016-01-31,橋りょう世話役,福井県,29200
1151,2015-02-01,2016-01-31,土木一般世話役,福井県,20200
1152,2015-02-01,2016-01-31,高級船員,福井県,23400
1153,2015-02-01,2016-01-31,普通船員,福井県,19100
1154,2015-02-01,2016-01-31,潜水士,福井県,29100
1155,2015-02-01,2016-01-31,潜水連絡員,福井県,21100
1156,2015-02-01,2016-01-31,潜水送気員,福井県,21000
1157,2015-02-01,2016-01-31,山林砂防工,福井県,21300
1158,2015-02-01,2016-01-31,軌道工,福井県,31800
1159,2015-02-01,2016-01-31,型わく工,福井県,19600
1160,2015-02-01,2016-01-31,大工,福井県,18700
1161,2015-02-01,2016-01-31,左官,福井県,18600
1162,2015-02-01,2016-01-31,配管工,福井県,17900
1163,2015-02-01,2016-01-31,はつり工,福井県,20700
1164,2015-02-01,2016-01-31,防水工,福井県,20400
1165,2015-02-01,2016-01-31,板金工,福井県,20100
1166,2015-02-01,2016-01-31,タイル工,福井県,
1167,2015-02-01,2016-01-31,サッシ工,福井県,19400
1168,2015-02-01,2016-01-31,内装工,福井県,20700
1169,2015-02-01,2016-01-31,ガラス工,福井県,19900
1170,2015-02-01,2016-01-31,建具工,福井県,18600
1171,2015-02-01,2016-01-31,ダクト工,福井県,17800
1172,2015-02-01,2016-01-31,保温工,福井県,21300
1173,2015-02-01,2016-01-31,設備機械工,福井県,21200
1174,2015-02-01,2016-01-31,交通誘導警備員A,福井県,11500
1175,2015-02-01,2016-01-31,交通誘導警備員B,福井県,9900
1176,2015-02-01,2016-01-31,特殊作業員,滋賀県,17800
1177,2015-02-01,2016-01-31,普通作業員,滋賀県,16000
1178,2015-02-01,2016-01-31,軽作業員,滋賀県,12100
1179,2015-02-01,2016-01-31,造園工,滋賀県,18300
1180,2015-02-01,2016-01-31,法面工,滋賀県,22200
1181,2015-02-01,2016-01-31,とび工,滋賀県,21100
1182,2015-02-01,2016-01-31,石工,滋賀県,
1183,2015-02-01,2016-01-31,ブロック工,滋賀県,
1184,2015-02-01,2016-01-31,電工,滋賀県,18900
1185,2015-02-01,2016-01-31,鉄筋工,滋賀県,20400
1186,2015-02-01,2016-01-31,鉄骨工,滋賀県,19400
1187,2015-02-01,2016-01-31,塗装工,滋賀県,20700
1188,2015-02-01,2016-01-31,溶接工,滋賀県,22300
1189,2015-02-01,2016-01-31,運転手（特殊）,滋賀県,18000
1190,2015-02-01,2016-01-31,運転手（一般）,滋賀県,16000
1191,2015-02-01,2016-01-31,潜かん工,滋賀県,26500
1192,2015-02-01,2016-01-31,潜かん世話役,滋賀県,31400
1193,2015-02-01,2016-01-31,さく岩工,滋賀県,21200
1194,2015-02-01,2016-01-31,トンネル特殊工,滋賀県,26200
1195,2015-02-01,2016-01-31,トンネル作業員,滋賀県,19400
1196,2015-02-01,2016-01-31,トンネル世話役,滋賀県,27200
1197,2015-02-01,2016-01-31,橋りょう特殊工,滋賀県,24900
1198,2015-02-01,2016-01-31,橋りょう塗装工,滋賀県,26200
1199,2015-02-01,2016-01-31,橋りょう世話役,滋賀県,28900
1200,2015-02-01,2016-01-31,土木一般世話役,滋賀県,20400
1201,2015-02-01,2016-01-31,高級船員,滋賀県,23400
1202,2015-02-01,2016-01-31,普通船員,滋賀県,19100
1203,2015-02-01,2016-01-31,潜水士,滋賀県,29500
1204,2015-02-01,2016-01-31,潜水連絡員,滋賀県,
1205,2015-02-01,2016-01-31,潜水送気員,滋賀県,20900
1206,2015-02-01,2016-01-31,山林砂防工,滋賀県,21300
1207,2015-02-01,2016-01-31,軌道工,滋賀県,32000
1208,2015-02-01,2016-01-31,型わく工,滋賀県,19300
1209,2015-02-01,2016-01-31,大工,滋賀県,
1210,2015-02-01,2016-01-31,左官,滋賀県,19300
1211,2015-02-01,2016-01-31,配管工,滋賀県,18300
1212,2015-02-01,2016-01-31,はつり工,滋賀県,20600
1213,2015-02-01,2016-01-31,防水工,滋賀県,21100
1214,2015-02-01,2016-01-31,板金工,滋賀県,
1215,2015-02-01,2016-01-31,タイル工,滋賀県,
1216,2015-02-01,2016-01-31,サッシ工,滋賀県,20800
1217,2015-02-01,2016-01-31,内装工,滋賀県,21200
1218,2015-02-01,2016-01-31,ガラス工,滋賀県,19800
1219,2015-02-01,2016-01-31,建具工,滋賀県,18600
1220,2015-02-01,2016-01-31,ダクト工,滋賀県,17800
1221,2015-02-01,2016-01-31,保温工,滋賀県,21200
1222,2015-02-01,2016-01-31,設備機械工,滋賀県,21200
1223,2015-02-01,2016-01-31,交通誘導警備員A,滋賀県,11000
1224,2015-02-01,2016-01-31,交通誘導警備員B,滋賀県,9000
1225,2015-02-01,2016-01-31,特殊作業員,京都府,18200
1226,2015-02-01,2016-01-31,普通作業員,京都府,16700
1227,2015-02-01,2016-01-31,軽作業員,京都府,11900
1228,2015-02-01,2016-01-31,造園工,京都府,18800
1229,2015-02-01,2016-01-31,法面工,京都府,21500
1230,2015-02-01,2016-01-31,とび工,京都府,20800
1231,2015-02-01,2016-01-31,石工,京都府,
1232,2015-02-01,2016-01-31,ブロック工,京都府,
1233,2015-02-01,2016-01-31,電工,京都府,18500
1234,2015-02-01,2016-01-31,鉄筋工,京都府,20400
1235,2015-02-01,2016-01-31,鉄骨工,京都府,19600
1236,2015-02-01,2016-01-31,塗装工,京都府,21200
1237,2015-02-01,2016-01-31,溶接工,京都府,22100
1238,2015-02-01,2016-01-31,運転手（特殊）,京都府,17900
1239,2015-02-01,2016-01-31,運転手（一般）,京都府,15800
1240,2015-02-01,2016-01-31,潜かん工,京都府,26500
1241,2015-02-01,2016-01-31,潜かん世話役,京都府,31400
1242,2015-02-01,2016-01-31,さく岩工,京都府,21200
1243,2015-02-01,2016-01-31,トンネル特殊工,京都府,24400
1244,2015-02-01,2016-01-31,トンネル作業員,京都府,19400
1245,2015-02-01,2016-01-31,トンネル世話役,京都府,27200
1246,2015-02-01,2016-01-31,橋りょう特殊工,京都府,24900
1247,2015-02-01,2016-01-31,橋りょう塗装工,京都府,26200
1248,2015-02-01,2016-01-31,橋りょう世話役,京都府,28900
1249,2015-02-01,2016-01-31,土木一般世話役,京都府,20500
1250,2015-02-01,2016-01-31,高級船員,京都府,23400
1251,2015-02-01,2016-01-31,普通船員,京都府,19100
1252,2015-02-01,2016-01-31,潜水士,京都府,29100
1253,2015-02-01,2016-01-31,潜水連絡員,京都府,
1254,2015-02-01,2016-01-31,潜水送気員,京都府,20700
1255,2015-02-01,2016-01-31,山林砂防工,京都府,21300
1256,2015-02-01,2016-01-31,軌道工,京都府,32500
1257,2015-02-01,2016-01-31,型わく工,京都府,20900
1258,2015-02-01,2016-01-31,大工,京都府,
1259,2015-02-01,2016-01-31,左官,京都府,20400
1260,2015-02-01,2016-01-31,配管工,京都府,18600
1261,2015-02-01,2016-01-31,はつり工,京都府,20600
1262,2015-02-01,2016-01-31,防水工,京都府,21100
1263,2015-02-01,2016-01-31,板金工,京都府,
1264,2015-02-01,2016-01-31,タイル工,京都府,
1265,2015-02-01,2016-01-31,サッシ工,京都府,21100
1266,2015-02-01,2016-01-31,内装工,京都府,21300
1267,2015-02-01,2016-01-31,ガラス工,京都府,19800
1268,2015-02-01,2016-01-31,建具工,京都府,18600
1269,2015-02-01,2016-01-31,ダクト工,京都府,17600
1270,2015-02-01,2016-01-31,保温工,京都府,21200
1271,2015-02-01,2016-01-31,設備機械工,京都府,21200
1272,2015-02-01,2016-01-31,交通誘導警備員A,京都府,11100
1273,2015-02-01,2016-01-31,交通誘導警備員B,京都府,9000
1274,2015-02-01,2016-01-31,特殊作業員,大阪府,19100
1275,2015-02-01,2016-01-31,普通作業員,大阪府,16400
1276,2015-02-01,2016-01-31,軽作業員,大阪府,11800
1277,2015-02-01,2016-01-31,造園工,大阪府,18800
1278,2015-02-01,2016-01-31,法面工,大阪府,22300
1279,2015-02-01,2016-01-31,とび工,大阪府,22200
1280,2015-02-01,2016-01-31,石工,大阪府,
1281,2015-02-01,2016-01-31,ブロック工,大阪府,
1282,2015-02-01,2016-01-31,電工,大阪府,19600
1283,2015-02-01,2016-01-31,鉄筋工,大阪府,20500
1284,2015-02-01,2016-01-31,鉄骨工,大阪府,19900
1285,2015-02-01,2016-01-31,塗装工,大阪府,21900
1286,2015-02-01,2016-01-31,溶接工,大阪府,21800
1287,2015-02-01,2016-01-31,運転手（特殊）,大阪府,19200
1288,2015-02-01,2016-01-31,運転手（一般）,大阪府,16000
1289,2015-02-01,2016-01-31,潜かん工,大阪府,26500
1290,2015-02-01,2016-01-31,潜かん世話役,大阪府,31300
1291,2015-02-01,2016-01-31,さく岩工,大阪府,21200
1292,2015-02-01,2016-01-31,トンネル特殊工,大阪府,24100
1293,2015-02-01,2016-01-31,トンネル作業員,大阪府,20000
1294,2015-02-01,2016-01-31,トンネル世話役,大阪府,27200
1295,2015-02-01,2016-01-31,橋りょう特殊工,大阪府,25200
1296,2015-02-01,2016-01-31,橋りょう塗装工,大阪府,26200
1297,2015-02-01,2016-01-31,橋りょう世話役,大阪府,29500
1298,2015-02-01,2016-01-31,土木一般世話役,大阪府,21500
1299,2015-02-01,2016-01-31,高級船員,大阪府,23400
1300,2015-02-01,2016-01-31,普通船員,大阪府,19100
1301,2015-02-01,2016-01-31,潜水士,大阪府,29900
1302,2015-02-01,2016-01-31,潜水連絡員,大阪府,
1303,2015-02-01,2016-01-31,潜水送気員,大阪府,21100
1304,2015-02-01,2016-01-31,山林砂防工,大阪府,21300
1305,2015-02-01,2016-01-31,軌道工,大阪府,33100
1306,2015-02-01,2016-01-31,型わく工,大阪府,22100
1307,2015-02-01,2016-01-31,大工,大阪府,
1308,2015-02-01,2016-01-31,左官,大阪府,20500
1309,2015-02-01,2016-01-31,配管工,大阪府,19500
1310,2015-02-01,2016-01-31,はつり工,大阪府,20500
1311,2015-02-01,2016-01-31,防水工,大阪府,21200
1312,2015-02-01,2016-01-31,板金工,大阪府,
1313,2015-02-01,2016-01-31,タイル工,大阪府,
1314,2015-02-01,2016-01-31,サッシ工,大阪府,
1315,2015-02-01,2016-01-31,内装工,大阪府,21300
1316,2015-02-01,2016-01-31,ガラス工,大阪府,19800
1317,2015-02-01,2016-01-31,建具工,大阪府,18600
1318,2015-02-01,2016-01-31,ダクト工,大阪府,17600
1319,2015-02-01,2016-01-31,保温工,大阪府,21200
1320,2015-02-01,2016-01-31,設備機械工,大阪府,21200
1321,2015-02-01,2016-01-31,交通誘導警備員A,大阪府,10900
1322,2015-02-01,2016-01-31,交通誘導警備員B,大阪府,9200
1323,2015-02-01,2016-01-31,特殊作業員,兵庫県,17500
1324,2015-02-01,2016-01-31,普通作業員,兵庫県,16600
1325,2015-02-01,2016-01-31,軽作業員,兵庫県,11200
1326,2015-02-01,2016-01-31,造園工,兵庫県,18300
1327,2015-02-01,2016-01-31,法面工,兵庫県,21100
1328,2015-02-01,2016-01-31,とび工,兵庫県,21100
1329,2015-02-01,2016-01-31,石工,兵庫県,
1330,2015-02-01,2016-01-31,ブロック工,兵庫県,
1331,2015-02-01,2016-01-31,電工,兵庫県,19000
1332,2015-02-01,2016-01-31,鉄筋工,兵庫県,19600
1333,2015-02-01,2016-01-31,鉄骨工,兵庫県,18800
1334,2015-02-01,2016-01-31,塗装工,兵庫県,20000
1335,2015-02-01,2016-01-31,溶接工,兵庫県,21500
1336,2015-02-01,2016-01-31,運転手（特殊）,兵庫県,17900
1337,2015-02-01,2016-01-31,運転手（一般）,兵庫県,16000
1338,2015-02-01,2016-01-31,潜かん工,兵庫県,26500
1339,2015-02-01,2016-01-31,潜かん世話役,兵庫県,31400
1340,2015-02-01,2016-01-31,さく岩工,兵庫県,21200
1341,2015-02-01,2016-01-31,トンネル特殊工,兵庫県,23300
1342,2015-02-01,2016-01-31,トンネル作業員,兵庫県,20400
1343,2015-02-01,2016-01-31,トンネル世話役,兵庫県,27200
1344,2015-02-01,2016-01-31,橋りょう特殊工,兵庫県,25200
1345,2015-02-01,2016-01-31,橋りょう塗装工,兵庫県,26200
1346,2015-02-01,2016-01-31,橋りょう世話役,兵庫県,29100
1347,2015-02-01,2016-01-31,土木一般世話役,兵庫県,20300
1348,2015-02-01,2016-01-31,高級船員,兵庫県,24000
1349,2015-02-01,2016-01-31,普通船員,兵庫県,19100
1350,2015-02-01,2016-01-31,潜水士,兵庫県,30700
1351,2015-02-01,2016-01-31,潜水連絡員,兵庫県,22300
1352,2015-02-01,2016-01-31,潜水送気員,兵庫県,21500
1353,2015-02-01,2016-01-31,山林砂防工,兵庫県,21300
1354,2015-02-01,2016-01-31,軌道工,兵庫県,31600
1355,2015-02-01,2016-01-31,型わく工,兵庫県,20700
1356,2015-02-01,2016-01-31,大工,兵庫県,19400
1357,2015-02-01,2016-01-31,左官,兵庫県,19600
1358,2015-02-01,2016-01-31,配管工,兵庫県,17700
1359,2015-02-01,2016-01-31,はつり工,兵庫県,20600
1360,2015-02-01,2016-01-31,防水工,兵庫県,20400
1361,2015-02-01,2016-01-31,板金工,兵庫県,19400
1362,2015-02-01,2016-01-31,タイル工,兵庫県,
1363,2015-02-01,2016-01-31,サッシ工,兵庫県,
1364,2015-02-01,2016-01-31,内装工,兵庫県,21300
1365,2015-02-01,2016-01-31,ガラス工,兵庫県,19800
1366,2015-02-01,2016-01-31,建具工,兵庫県,18600
1367,2015-02-01,2016-01-31,ダクト工,兵庫県,17500
1368,2015-02-01,2016-01-31,保温工,兵庫県,21200
1369,2015-02-01,2016-01-31,設備機械工,兵庫県,21200
1370,2015-02-01,2016-01-31,交通誘導警備員A,兵庫県,11200
1371,2015-02-01,2016-01-31,交通誘導警備員B,兵庫県,9200
1372,2015-02-01,2016-01-31,特殊作業員,奈良県,19500
1373,2015-02-01,2016-01-31,普通作業員,奈良県,16800
1374,2015-02-01,2016-01-31,軽作業員,奈良県,12500
1375,2015-02-01,2016-01-31,造園工,奈良県,19700
1376,2015-02-01,2016-01-31,法面工,奈良県,22100
1377,2015-02-01,2016-01-31,とび工,奈良県,21600
1378,2015-02-01,2016-01-31,石工,奈良県,
1379,2015-02-01,2016-01-31,ブロック工,奈良県,
1380,2015-02-01,2016-01-31,電工,奈良県,18900
1381,2015-02-01,2016-01-31,鉄筋工,奈良県,20900
1382,2015-02-01,2016-01-31,鉄骨工,奈良県,19900
1383,2015-02-01,2016-01-31,塗装工,奈良県,21700
1384,2015-02-01,2016-01-31,溶接工,奈良県,23000
1385,2015-02-01,2016-01-31,運転手（特殊）,奈良県,18600
1386,2015-02-01,2016-01-31,運転手（一般）,奈良県,16400
1387,2015-02-01,2016-01-31,潜かん工,奈良県,26500
1388,2015-02-01,2016-01-31,潜かん世話役,奈良県,31400
1389,2015-02-01,2016-01-31,さく岩工,奈良県,21200
1390,2015-02-01,2016-01-31,トンネル特殊工,奈良県,23900
1391,2015-02-01,2016-01-31,トンネル作業員,奈良県,20300
1392,2015-02-01,2016-01-31,トンネル世話役,奈良県,27200
1393,2015-02-01,2016-01-31,橋りょう特殊工,奈良県,24900
1394,2015-02-01,2016-01-31,橋りょう塗装工,奈良県,26200
1395,2015-02-01,2016-01-31,橋りょう世話役,奈良県,28800
1396,2015-02-01,2016-01-31,土木一般世話役,奈良県,21600
1397,2015-02-01,2016-01-31,高級船員,奈良県,24500
1398,2015-02-01,2016-01-31,普通船員,奈良県,19100
1399,2015-02-01,2016-01-31,潜水士,奈良県,29200
1400,2015-02-01,2016-01-31,潜水連絡員,奈良県,
1401,2015-02-01,2016-01-31,潜水送気員,奈良県,21000
1402,2015-02-01,2016-01-31,山林砂防工,奈良県,21300
1403,2015-02-01,2016-01-31,軌道工,奈良県,34200
1404,2015-02-01,2016-01-31,型わく工,奈良県,21900
1405,2015-02-01,2016-01-31,大工,奈良県,
1406,2015-02-01,2016-01-31,左官,奈良県,21000
1407,2015-02-01,2016-01-31,配管工,奈良県,19500
1408,2015-02-01,2016-01-31,はつり工,奈良県,20600
1409,2015-02-01,2016-01-31,防水工,奈良県,21100
1410,2015-02-01,2016-01-31,板金工,奈良県,
1411,2015-02-01,2016-01-31,タイル工,奈良県,
1412,2015-02-01,2016-01-31,サッシ工,奈良県,21100
1413,2015-02-01,2016-01-31,内装工,奈良県,21400
1414,2015-02-01,2016-01-31,ガラス工,奈良県,19800
1415,2015-02-01,2016-01-31,建具工,奈良県,18600
1416,2015-02-01,2016-01-31,ダクト工,奈良県,18200
1417,2015-02-01,2016-01-31,保温工,奈良県,21200
1418,2015-02-01,2016-01-31,設備機械工,奈良県,21200
1419,2015-02-01,2016-01-31,交通誘導警備員A,奈良県,11300
1420,2015-02-01,2016-01-31,交通誘導警備員B,奈良県,9300
1421,2015-02-01,2016-01-31,特殊作業員,和歌山県,18900
1422,2015-02-01,2016-01-31,普通作業員,和歌山県,16600
1423,2015-02-01,2016-01-31,軽作業員,和歌山県,11800
1424,2015-02-01,2016-01-31,造園工,和歌山県,18500
1425,2015-02-01,2016-01-31,法面工,和歌山県,21400
1426,2015-02-01,2016-01-31,とび工,和歌山県,21400
1427,2015-02-01,2016-01-31,石工,和歌山県,
1428,2015-02-01,2016-01-31,ブロック工,和歌山県,
1429,2015-02-01,2016-01-31,電工,和歌山県,18500
1430,2015-02-01,2016-01-31,鉄筋工,和歌山県,20100
1431,2015-02-01,2016-01-31,鉄骨工,和歌山県,19500
1432,2015-02-01,2016-01-31,塗装工,和歌山県,21200
1433,2015-02-01,2016-01-31,溶接工,和歌山県,21900
1434,2015-02-01,2016-01-31,運転手（特殊）,和歌山県,17400
1435,2015-02-01,2016-01-31,運転手（一般）,和歌山県,15100
1436,2015-02-01,2016-01-31,潜かん工,和歌山県,26500
1437,2015-02-01,2016-01-31,潜かん世話役,和歌山県,31400
1438,2015-02-01,2016-01-31,さく岩工,和歌山県,21200
1439,2015-02-01,2016-01-31,トンネル特殊工,和歌山県,22800
1440,2015-02-01,2016-01-31,トンネル作業員,和歌山県,19400
1441,2015-02-01,2016-01-31,トンネル世話役,和歌山県,27200
1442,2015-02-01,2016-01-31,橋りょう特殊工,和歌山県,24900
1443,2015-02-01,2016-01-31,橋りょう塗装工,和歌山県,26200
1444,2015-02-01,2016-01-31,橋りょう世話役,和歌山県,28800
1445,2015-02-01,2016-01-31,土木一般世話役,和歌山県,20300
1446,2015-02-01,2016-01-31,高級船員,和歌山県,23400
1447,2015-02-01,2016-01-31,普通船員,和歌山県,19100
1448,2015-02-01,2016-01-31,潜水士,和歌山県,29100
1449,2015-02-01,2016-01-31,潜水連絡員,和歌山県,
1450,2015-02-01,2016-01-31,潜水送気員,和歌山県,20600
1451,2015-02-01,2016-01-31,山林砂防工,和歌山県,21300
1452,2015-02-01,2016-01-31,軌道工,和歌山県,32900
1453,2015-02-01,2016-01-31,型わく工,和歌山県,22100
1454,2015-02-01,2016-01-31,大工,和歌山県,
1455,2015-02-01,2016-01-31,左官,和歌山県,20600
1456,2015-02-01,2016-01-31,配管工,和歌山県,18300
1457,2015-02-01,2016-01-31,はつり工,和歌山県,20600
1458,2015-02-01,2016-01-31,防水工,和歌山県,20900
1459,2015-02-01,2016-01-31,板金工,和歌山県,
1460,2015-02-01,2016-01-31,タイル工,和歌山県,
1461,2015-02-01,2016-01-31,サッシ工,和歌山県,20900
1462,2015-02-01,2016-01-31,内装工,和歌山県,21300
1463,2015-02-01,2016-01-31,ガラス工,和歌山県,19800
1464,2015-02-01,2016-01-31,建具工,和歌山県,18600
1465,2015-02-01,2016-01-31,ダクト工,和歌山県,17500
1466,2015-02-01,2016-01-31,保温工,和歌山県,21200
1467,2015-02-01,2016-01-31,設備機械工,和歌山県,21200
1468,2015-02-01,2016-01-31,交通誘導警備員A,和歌山県,10700
1469,2015-02-01,2016-01-31,交通誘導警備員B,和歌山県,9000
1470,2015-02-01,2016-01-31,特殊作業員,鳥取県,16100
1471,2015-02-01,2016-01-31,普通作業員,鳥取県,12700
1472,2015-02-01,2016-01-31,軽作業員,鳥取県,11400
1473,2015-02-01,2016-01-31,造園工,鳥取県,16900
1474,2015-02-01,2016-01-31,法面工,鳥取県,19200
1475,2015-02-01,2016-01-31,とび工,鳥取県,18900
1476,2015-02-01,2016-01-31,石工,鳥取県,
1477,2015-02-01,2016-01-31,ブロック工,鳥取県,
1478,2015-02-01,2016-01-31,電工,鳥取県,16500
1479,2015-02-01,2016-01-31,鉄筋工,鳥取県,18800
1480,2015-02-01,2016-01-31,鉄骨工,鳥取県,18000
1481,2015-02-01,2016-01-31,塗装工,鳥取県,18700
1482,2015-02-01,2016-01-31,溶接工,鳥取県,19700
1483,2015-02-01,2016-01-31,運転手（特殊）,鳥取県,15000
1484,2015-02-01,2016-01-31,運転手（一般）,鳥取県,13100
1485,2015-02-01,2016-01-31,潜かん工,鳥取県,26900
1486,2015-02-01,2016-01-31,潜かん世話役,鳥取県,31900
1487,2015-02-01,2016-01-31,さく岩工,鳥取県,22000
1488,2015-02-01,2016-01-31,トンネル特殊工,鳥取県,27400
1489,2015-02-01,2016-01-31,トンネル作業員,鳥取県,20800
1490,2015-02-01,2016-01-31,トンネル世話役,鳥取県,27000
1491,2015-02-01,2016-01-31,橋りょう特殊工,鳥取県,22900
1492,2015-02-01,2016-01-31,橋りょう塗装工,鳥取県,23800
1493,2015-02-01,2016-01-31,橋りょう世話役,鳥取県,26300
1494,2015-02-01,2016-01-31,土木一般世話役,鳥取県,18700
1495,2015-02-01,2016-01-31,高級船員,鳥取県,23400
1496,2015-02-01,2016-01-31,普通船員,鳥取県,18700
1497,2015-02-01,2016-01-31,潜水士,鳥取県,32400
1498,2015-02-01,2016-01-31,潜水連絡員,鳥取県,25400
1499,2015-02-01,2016-01-31,潜水送気員,鳥取県,23500
1500,2015-02-01,2016-01-31,山林砂防工,鳥取県,
1501,2015-02-01,2016-01-31,軌道工,鳥取県,28800
1502,2015-02-01,2016-01-31,型わく工,鳥取県,18500
1503,2015-02-01,2016-01-31,大工,鳥取県,18800
1504,2015-02-01,2016-01-31,左官,鳥取県,18000
1505,2015-02-01,2016-01-31,配管工,鳥取県,16400
1506,2015-02-01,2016-01-31,はつり工,鳥取県,18700
1507,2015-02-01,2016-01-31,防水工,鳥取県,20200
1508,2015-02-01,2016-01-31,板金工,鳥取県,19200
1509,2015-02-01,2016-01-31,タイル工,鳥取県,
1510,2015-02-01,2016-01-31,サッシ工,鳥取県,
1511,2015-02-01,2016-01-31,内装工,鳥取県,19400
1512,2015-02-01,2016-01-31,ガラス工,鳥取県,18200
1513,2015-02-01,2016-01-31,建具工,鳥取県,15600
1514,2015-02-01,2016-01-31,ダクト工,鳥取県,16700
1515,2015-02-01,2016-01-31,保温工,鳥取県,18700
1516,2015-02-01,2016-01-31,設備機械工,鳥取県,18900
1517,2015-02-01,2016-01-31,交通誘導警備員A,鳥取県,11000
1518,2015-02-01,2016-01-31,交通誘導警備員B,鳥取県,8800
1519,2015-02-01,2016-01-31,特殊作業員,島根県,16300
1520,2015-02-01,2016-01-31,普通作業員,島根県,13900
1521,2015-02-01,2016-01-31,軽作業員,島根県,11000
1522,2015-02-01,2016-01-31,造園工,島根県,16400
1523,2015-02-01,2016-01-31,法面工,島根県,18500
1524,2015-02-01,2016-01-31,とび工,島根県,18800
1525,2015-02-01,2016-01-31,石工,島根県,
1526,2015-02-01,2016-01-31,ブロック工,島根県,
1527,2015-02-01,2016-01-31,電工,島根県,16400
1528,2015-02-01,2016-01-31,鉄筋工,島根県,18100
1529,2015-02-01,2016-01-31,鉄骨工,島根県,17500
1530,2015-02-01,2016-01-31,塗装工,島根県,17300
1531,2015-02-01,2016-01-31,溶接工,島根県,18200
1532,2015-02-01,2016-01-31,運転手（特殊）,島根県,16300
1533,2015-02-01,2016-01-31,運転手（一般）,島根県,13300
1534,2015-02-01,2016-01-31,潜かん工,島根県,26900
1535,2015-02-01,2016-01-31,潜かん世話役,島根県,31900
1536,2015-02-01,2016-01-31,さく岩工,島根県,22000
1537,2015-02-01,2016-01-31,トンネル特殊工,島根県,26900
1538,2015-02-01,2016-01-31,トンネル作業員,島根県,20400
1539,2015-02-01,2016-01-31,トンネル世話役,島根県,27000
1540,2015-02-01,2016-01-31,橋りょう特殊工,島根県,22900
1541,2015-02-01,2016-01-31,橋りょう塗装工,島根県,23800
1542,2015-02-01,2016-01-31,橋りょう世話役,島根県,26100
1543,2015-02-01,2016-01-31,土木一般世話役,島根県,18100
1544,2015-02-01,2016-01-31,高級船員,島根県,23400
1545,2015-02-01,2016-01-31,普通船員,島根県,17900
1546,2015-02-01,2016-01-31,潜水士,島根県,32500
1547,2015-02-01,2016-01-31,潜水連絡員,島根県,26800
1548,2015-02-01,2016-01-31,潜水送気員,島根県,23700
1549,2015-02-01,2016-01-31,山林砂防工,島根県,
1550,2015-02-01,2016-01-31,軌道工,島根県,24100
1551,2015-02-01,2016-01-31,型わく工,島根県,17900
1552,2015-02-01,2016-01-31,大工,島根県,19000
1553,2015-02-01,2016-01-31,左官,島根県,17400
1554,2015-02-01,2016-01-31,配管工,島根県,16700
1555,2015-02-01,2016-01-31,はつり工,島根県,18700
1556,2015-02-01,2016-01-31,防水工,島根県,19200
1557,2015-02-01,2016-01-31,板金工,島根県,18800
1558,2015-02-01,2016-01-31,タイル工,島根県,
1559,2015-02-01,2016-01-31,サッシ工,島根県,
1560,2015-02-01,2016-01-31,内装工,島根県,18900
1561,2015-02-01,2016-01-31,ガラス工,島根県,18200
1562,2015-02-01,2016-01-31,建具工,島根県,15600
1563,2015-02-01,2016-01-31,ダクト工,島根県,17300
1564,2015-02-01,2016-01-31,保温工,島根県,18700
1565,2015-02-01,2016-01-31,設備機械工,島根県,18900
1566,2015-02-01,2016-01-31,交通誘導警備員A,島根県,11000
1567,2015-02-01,2016-01-31,交通誘導警備員B,島根県,9400
1568,2015-02-01,2016-01-31,特殊作業員,岡山県,17200
1569,2015-02-01,2016-01-31,普通作業員,岡山県,15300
1570,2015-02-01,2016-01-31,軽作業員,岡山県,11700
1571,2015-02-01,2016-01-31,造園工,岡山県,17100
1572,2015-02-01,2016-01-31,法面工,岡山県,19700
1573,2015-02-01,2016-01-31,とび工,岡山県,19600
1574,2015-02-01,2016-01-31,石工,岡山県,
1575,2015-02-01,2016-01-31,ブロック工,岡山県,
1576,2015-02-01,2016-01-31,電工,岡山県,17600
1577,2015-02-01,2016-01-31,鉄筋工,岡山県,19200
1578,2015-02-01,2016-01-31,鉄骨工,岡山県,18300
1579,2015-02-01,2016-01-31,塗装工,岡山県,18600
1580,2015-02-01,2016-01-31,溶接工,岡山県,19800
1581,2015-02-01,2016-01-31,運転手（特殊）,岡山県,17500
1582,2015-02-01,2016-01-31,運転手（一般）,岡山県,15100
1583,2015-02-01,2016-01-31,潜かん工,岡山県,27000
1584,2015-02-01,2016-01-31,潜かん世話役,岡山県,31900
1585,2015-02-01,2016-01-31,さく岩工,岡山県,22000
1586,2015-02-01,2016-01-31,トンネル特殊工,岡山県,25400
1587,2015-02-01,2016-01-31,トンネル作業員,岡山県,21000
1588,2015-02-01,2016-01-31,トンネル世話役,岡山県,27100
1589,2015-02-01,2016-01-31,橋りょう特殊工,岡山県,23100
1590,2015-02-01,2016-01-31,橋りょう塗装工,岡山県,23800
1591,2015-02-01,2016-01-31,橋りょう世話役,岡山県,26200
1592,2015-02-01,2016-01-31,土木一般世話役,岡山県,19400
1593,2015-02-01,2016-01-31,高級船員,岡山県,23500
1594,2015-02-01,2016-01-31,普通船員,岡山県,18700
1595,2015-02-01,2016-01-31,潜水士,岡山県,32400
1596,2015-02-01,2016-01-31,潜水連絡員,岡山県,25500
1597,2015-02-01,2016-01-31,潜水送気員,岡山県,23600
1598,2015-02-01,2016-01-31,山林砂防工,岡山県,
1599,2015-02-01,2016-01-31,軌道工,岡山県,27500
1600,2015-02-01,2016-01-31,型わく工,岡山県,19100
1601,2015-02-01,2016-01-31,大工,岡山県,18800
1602,2015-02-01,2016-01-31,左官,岡山県,18300
1603,2015-02-01,2016-01-31,配管工,岡山県,17100
1604,2015-02-01,2016-01-31,はつり工,岡山県,18700
1605,2015-02-01,2016-01-31,防水工,岡山県,20500
1606,2015-02-01,2016-01-31,板金工,岡山県,19100
1607,2015-02-01,2016-01-31,タイル工,岡山県,
1608,2015-02-01,2016-01-31,サッシ工,岡山県,
1609,2015-02-01,2016-01-31,内装工,岡山県,19800
1610,2015-02-01,2016-01-31,ガラス工,岡山県,18200
1611,2015-02-01,2016-01-31,建具工,岡山県,15600
1612,2015-02-01,2016-01-31,ダクト工,岡山県,16700
1613,2015-02-01,2016-01-31,保温工,岡山県,18700
1614,2015-02-01,2016-01-31,設備機械工,岡山県,18900
1615,2015-02-01,2016-01-31,交通誘導警備員A,岡山県,11400
1616,2015-02-01,2016-01-31,交通誘導警備員B,岡山県,9500
1617,2015-02-01,2016-01-31,特殊作業員,広島県,17500
1618,2015-02-01,2016-01-31,普通作業員,広島県,15500
1619,2015-02-01,2016-01-31,軽作業員,広島県,11500
1620,2015-02-01,2016-01-31,造園工,広島県,16400
1621,2015-02-01,2016-01-31,法面工,広島県,19900
1622,2015-02-01,2016-01-31,とび工,広島県,19500
1623,2015-02-01,2016-01-31,石工,広島県,
1624,2015-02-01,2016-01-31,ブロック工,広島県,
1625,2015-02-01,2016-01-31,電工,広島県,16600
1626,2015-02-01,2016-01-31,鉄筋工,広島県,19100
1627,2015-02-01,2016-01-31,鉄骨工,広島県,18200
1628,2015-02-01,2016-01-31,塗装工,広島県,17700
1629,2015-02-01,2016-01-31,溶接工,広島県,18300
1630,2015-02-01,2016-01-31,運転手（特殊）,広島県,17900
1631,2015-02-01,2016-01-31,運転手（一般）,広島県,15100
1632,2015-02-01,2016-01-31,潜かん工,広島県,27000
1633,2015-02-01,2016-01-31,潜かん世話役,広島県,31900
1634,2015-02-01,2016-01-31,さく岩工,広島県,22000
1635,2015-02-01,2016-01-31,トンネル特殊工,広島県,26300
1636,2015-02-01,2016-01-31,トンネル作業員,広島県,20200
1637,2015-02-01,2016-01-31,トンネル世話役,広島県,27100
1638,2015-02-01,2016-01-31,橋りょう特殊工,広島県,23100
1639,2015-02-01,2016-01-31,橋りょう塗装工,広島県,23800
1640,2015-02-01,2016-01-31,橋りょう世話役,広島県,26300
1641,2015-02-01,2016-01-31,土木一般世話役,広島県,18800
1642,2015-02-01,2016-01-31,高級船員,広島県,23500
1643,2015-02-01,2016-01-31,普通船員,広島県,18300
1644,2015-02-01,2016-01-31,潜水士,広島県,32900
1645,2015-02-01,2016-01-31,潜水連絡員,広島県,27100
1646,2015-02-01,2016-01-31,潜水送気員,広島県,23900
1647,2015-02-01,2016-01-31,山林砂防工,広島県,
1648,2015-02-01,2016-01-31,軌道工,広島県,24200
1649,2015-02-01,2016-01-31,型わく工,広島県,18700
1650,2015-02-01,2016-01-31,大工,広島県,19000
1651,2015-02-01,2016-01-31,左官,広島県,18000
1652,2015-02-01,2016-01-31,配管工,広島県,17000
1653,2015-02-01,2016-01-31,はつり工,広島県,18700
1654,2015-02-01,2016-01-31,防水工,広島県,19800
1655,2015-02-01,2016-01-31,板金工,広島県,18700
1656,2015-02-01,2016-01-31,タイル工,広島県,
1657,2015-02-01,2016-01-31,サッシ工,広島県,
1658,2015-02-01,2016-01-31,内装工,広島県,19000
1659,2015-02-01,2016-01-31,ガラス工,広島県,18200
1660,2015-02-01,2016-01-31,建具工,広島県,15600
1661,2015-02-01,2016-01-31,ダクト工,広島県,17200
1662,2015-02-01,2016-01-31,保温工,広島県,18700
1663,2015-02-01,2016-01-31,設備機械工,広島県,18900
1664,2015-02-01,2016-01-31,交通誘導警備員A,広島県,11400
1665,2015-02-01,2016-01-31,交通誘導警備員B,広島県,9700
1666,2015-02-01,2016-01-31,特殊作業員,山口県,16300
1667,2015-02-01,2016-01-31,普通作業員,山口県,14500
1668,2015-02-01,2016-01-31,軽作業員,山口県,11100
1669,2015-02-01,2016-01-31,造園工,山口県,16600
1670,2015-02-01,2016-01-31,法面工,山口県,19300
1671,2015-02-01,2016-01-31,とび工,山口県,19400
1672,2015-02-01,2016-01-31,石工,山口県,
1673,2015-02-01,2016-01-31,ブロック工,山口県,
1674,2015-02-01,2016-01-31,電工,山口県,16900
1675,2015-02-01,2016-01-31,鉄筋工,山口県,18600
1676,2015-02-01,2016-01-31,鉄骨工,山口県,17800
1677,2015-02-01,2016-01-31,塗装工,山口県,17000
1678,2015-02-01,2016-01-31,溶接工,山口県,18600
1679,2015-02-01,2016-01-31,運転手（特殊）,山口県,16300
1680,2015-02-01,2016-01-31,運転手（一般）,山口県,14400
1681,2015-02-01,2016-01-31,潜かん工,山口県,27100
1682,2015-02-01,2016-01-31,潜かん世話役,山口県,32000
1683,2015-02-01,2016-01-31,さく岩工,山口県,22100
1684,2015-02-01,2016-01-31,トンネル特殊工,山口県,25900
1685,2015-02-01,2016-01-31,トンネル作業員,山口県,20400
1686,2015-02-01,2016-01-31,トンネル世話役,山口県,27200
1687,2015-02-01,2016-01-31,橋りょう特殊工,山口県,23100
1688,2015-02-01,2016-01-31,橋りょう塗装工,山口県,23900
1689,2015-02-01,2016-01-31,橋りょう世話役,山口県,26200
1690,2015-02-01,2016-01-31,土木一般世話役,山口県,19300
1691,2015-02-01,2016-01-31,高級船員,山口県,23400
1692,2015-02-01,2016-01-31,普通船員,山口県,17900
1693,2015-02-01,2016-01-31,潜水士,山口県,32900
1694,2015-02-01,2016-01-31,潜水連絡員,山口県,27100
1695,2015-02-01,2016-01-31,潜水送気員,山口県,24000
1696,2015-02-01,2016-01-31,山林砂防工,山口県,
1697,2015-02-01,2016-01-31,軌道工,山口県,24300
1698,2015-02-01,2016-01-31,型わく工,山口県,17900
1699,2015-02-01,2016-01-31,大工,山口県,19100
1700,2015-02-01,2016-01-31,左官,山口県,17800
1701,2015-02-01,2016-01-31,配管工,山口県,17100
1702,2015-02-01,2016-01-31,はつり工,山口県,18800
1703,2015-02-01,2016-01-31,防水工,山口県,19500
1704,2015-02-01,2016-01-31,板金工,山口県,18800
1705,2015-02-01,2016-01-31,タイル工,山口県,
1706,2015-02-01,2016-01-31,サッシ工,山口県,
1707,2015-02-01,2016-01-31,内装工,山口県,19100
1708,2015-02-01,2016-01-31,ガラス工,山口県,18200
1709,2015-02-01,2016-01-31,建具工,山口県,15600
1710,2015-02-01,2016-01-31,ダクト工,山口県,17200
1711,2015-02-01,2016-01-31,保温工,山口県,18800
1712,2015-02-01,2016-01-31,設備機械工,山口県,18900
1713,2015-02-01,2016-01-31,交通誘導警備員A,山口県,11200
1714,2015-02-01,2016-01-31,交通誘導警備員B,山口県,9300
1715,2015-02-01,2016-01-31,特殊作業員,徳島県,17000
1716,2015-02-01,2016-01-31,普通作業員,徳島県,15500
1717,2015-02-01,2016-01-31,軽作業員,徳島県,11900
1718,2015-02-01,2016-01-31,造園工,徳島県,16400
1719,2015-02-01,2016-01-31,法面工,徳島県,23300
1720,2015-02-01,2016-01-31,とび工,徳島県,19100
1721,2015-02-01,2016-01-31,石工,徳島県,
1722,2015-02-01,2016-01-31,ブロック工,徳島県,
1723,2015-02-01,2016-01-31,電工,徳島県,17800
1724,2015-02-01,2016-01-31,鉄筋工,徳島県,18100
1725,2015-02-01,2016-01-31,鉄骨工,徳島県,18200
1726,2015-02-01,2016-01-31,塗装工,徳島県,17800
1727,2015-02-01,2016-01-31,溶接工,徳島県,20800
1728,2015-02-01,2016-01-31,運転手（特殊）,徳島県,15900
1729,2015-02-01,2016-01-31,運転手（一般）,徳島県,15100
1730,2015-02-01,2016-01-31,潜かん工,徳島県,27000
1731,2015-02-01,2016-01-31,潜かん世話役,徳島県,32000
1732,2015-02-01,2016-01-31,さく岩工,徳島県,20400
1733,2015-02-01,2016-01-31,トンネル特殊工,徳島県,25500
1734,2015-02-01,2016-01-31,トンネル作業員,徳島県,20800
1735,2015-02-01,2016-01-31,トンネル世話役,徳島県,26600
1736,2015-02-01,2016-01-31,橋りょう特殊工,徳島県,23100
1737,2015-02-01,2016-01-31,橋りょう塗装工,徳島県,24000
1738,2015-02-01,2016-01-31,橋りょう世話役,徳島県,25500
1739,2015-02-01,2016-01-31,土木一般世話役,徳島県,19000
1740,2015-02-01,2016-01-31,高級船員,徳島県,29100
1741,2015-02-01,2016-01-31,普通船員,徳島県,19800
1742,2015-02-01,2016-01-31,潜水士,徳島県,35300
1743,2015-02-01,2016-01-31,潜水連絡員,徳島県,
1744,2015-02-01,2016-01-31,潜水送気員,徳島県,18100
1745,2015-02-01,2016-01-31,山林砂防工,徳島県,19500
1746,2015-02-01,2016-01-31,軌道工,徳島県,
1747,2015-02-01,2016-01-31,型わく工,徳島県,18700
1748,2015-02-01,2016-01-31,大工,徳島県,
1749,2015-02-01,2016-01-31,左官,徳島県,19300
1750,2015-02-01,2016-01-31,配管工,徳島県,16800
1751,2015-02-01,2016-01-31,はつり工,徳島県,18300
1752,2015-02-01,2016-01-31,防水工,徳島県,19100
1753,2015-02-01,2016-01-31,板金工,徳島県,
1754,2015-02-01,2016-01-31,タイル工,徳島県,
1755,2015-02-01,2016-01-31,サッシ工,徳島県,
1756,2015-02-01,2016-01-31,内装工,徳島県,
1757,2015-02-01,2016-01-31,ガラス工,徳島県,17700
1758,2015-02-01,2016-01-31,建具工,徳島県,
1759,2015-02-01,2016-01-31,ダクト工,徳島県,
1760,2015-02-01,2016-01-31,保温工,徳島県,19900
1761,2015-02-01,2016-01-31,設備機械工,徳島県,17600
1762,2015-02-01,2016-01-31,交通誘導警備員A,徳島県,10800
1763,2015-02-01,2016-01-31,交通誘導警備員B,徳島県,9600
1764,2015-02-01,2016-01-31,特殊作業員,香川県,17800
1765,2015-02-01,2016-01-31,普通作業員,香川県,16400
1766,2015-02-01,2016-01-31,軽作業員,香川県,11900
1767,2015-02-01,2016-01-31,造園工,香川県,16800
1768,2015-02-01,2016-01-31,法面工,香川県,21800
1769,2015-02-01,2016-01-31,とび工,香川県,19200
1770,2015-02-01,2016-01-31,石工,香川県,
1771,2015-02-01,2016-01-31,ブロック工,香川県,
1772,2015-02-01,2016-01-31,電工,香川県,17700
1773,2015-02-01,2016-01-31,鉄筋工,香川県,18300
1774,2015-02-01,2016-01-31,鉄骨工,香川県,18300
1775,2015-02-01,2016-01-31,塗装工,香川県,17800
1776,2015-02-01,2016-01-31,溶接工,香川県,20900
1777,2015-02-01,2016-01-31,運転手（特殊）,香川県,17100
1778,2015-02-01,2016-01-31,運転手（一般）,香川県,15800
1779,2015-02-01,2016-01-31,潜かん工,香川県,27100
1780,2015-02-01,2016-01-31,潜かん世話役,香川県,32000
1781,2015-02-01,2016-01-31,さく岩工,香川県,20400
1782,2015-02-01,2016-01-31,トンネル特殊工,香川県,24800
1783,2015-02-01,2016-01-31,トンネル作業員,香川県,20700
1784,2015-02-01,2016-01-31,トンネル世話役,香川県,26600
1785,2015-02-01,2016-01-31,橋りょう特殊工,香川県,23000
1786,2015-02-01,2016-01-31,橋りょう塗装工,香川県,24000
1787,2015-02-01,2016-01-31,橋りょう世話役,香川県,25800
1788,2015-02-01,2016-01-31,土木一般世話役,香川県,19000
1789,2015-02-01,2016-01-31,高級船員,香川県,29100
1790,2015-02-01,2016-01-31,普通船員,香川県,20600
1791,2015-02-01,2016-01-31,潜水士,香川県,35900
1792,2015-02-01,2016-01-31,潜水連絡員,香川県,
1793,2015-02-01,2016-01-31,潜水送気員,香川県,18500
1794,2015-02-01,2016-01-31,山林砂防工,香川県,19500
1795,2015-02-01,2016-01-31,軌道工,香川県,
1796,2015-02-01,2016-01-31,型わく工,香川県,18600
1797,2015-02-01,2016-01-31,大工,香川県,
1798,2015-02-01,2016-01-31,左官,香川県,19300
1799,2015-02-01,2016-01-31,配管工,香川県,17600
1800,2015-02-01,2016-01-31,はつり工,香川県,18400
1801,2015-02-01,2016-01-31,防水工,香川県,19200
1802,2015-02-01,2016-01-31,板金工,香川県,
1803,2015-02-01,2016-01-31,タイル工,香川県,
1804,2015-02-01,2016-01-31,サッシ工,香川県,
1805,2015-02-01,2016-01-31,内装工,香川県,
1806,2015-02-01,2016-01-31,ガラス工,香川県,17700
1807,2015-02-01,2016-01-31,建具工,香川県,
1808,2015-02-01,2016-01-31,ダクト工,香川県,
1809,2015-02-01,2016-01-31,保温工,香川県,19900
1810,2015-02-01,2016-01-31,設備機械工,香川県,17600
1811,2015-02-01,2016-01-31,交通誘導警備員A,香川県,10900
1812,2015-02-01,2016-01-31,交通誘導警備員B,香川県,9600
1813,2015-02-01,2016-01-31,特殊作業員,愛媛県,16700
1814,2015-02-01,2016-01-31,普通作業員,愛媛県,14300
1815,2015-02-01,2016-01-31,軽作業員,愛媛県,11500
1816,2015-02-01,2016-01-31,造園工,愛媛県,16600
1817,2015-02-01,2016-01-31,法面工,愛媛県,21400
1818,2015-02-01,2016-01-31,とび工,愛媛県,19000
1819,2015-02-01,2016-01-31,石工,愛媛県,
1820,2015-02-01,2016-01-31,ブロック工,愛媛県,
1821,2015-02-01,2016-01-31,電工,愛媛県,17300
1822,2015-02-01,2016-01-31,鉄筋工,愛媛県,17300
1823,2015-02-01,2016-01-31,鉄骨工,愛媛県,18200
1824,2015-02-01,2016-01-31,塗装工,愛媛県,17700
1825,2015-02-01,2016-01-31,溶接工,愛媛県,20800
1826,2015-02-01,2016-01-31,運転手（特殊）,愛媛県,17300
1827,2015-02-01,2016-01-31,運転手（一般）,愛媛県,15400
1828,2015-02-01,2016-01-31,潜かん工,愛媛県,26900
1829,2015-02-01,2016-01-31,潜かん世話役,愛媛県,31900
1830,2015-02-01,2016-01-31,さく岩工,愛媛県,20300
1831,2015-02-01,2016-01-31,トンネル特殊工,愛媛県,24700
1832,2015-02-01,2016-01-31,トンネル作業員,愛媛県,20600
1833,2015-02-01,2016-01-31,トンネル世話役,愛媛県,26500
1834,2015-02-01,2016-01-31,橋りょう特殊工,愛媛県,22900
1835,2015-02-01,2016-01-31,橋りょう塗装工,愛媛県,23900
1836,2015-02-01,2016-01-31,橋りょう世話役,愛媛県,24900
1837,2015-02-01,2016-01-31,土木一般世話役,愛媛県,19800
1838,2015-02-01,2016-01-31,高級船員,愛媛県,29100
1839,2015-02-01,2016-01-31,普通船員,愛媛県,20100
1840,2015-02-01,2016-01-31,潜水士,愛媛県,35600
1841,2015-02-01,2016-01-31,潜水連絡員,愛媛県,
1842,2015-02-01,2016-01-31,潜水送気員,愛媛県,18200
1843,2015-02-01,2016-01-31,山林砂防工,愛媛県,19500
1844,2015-02-01,2016-01-31,軌道工,愛媛県,
1845,2015-02-01,2016-01-31,型わく工,愛媛県,18500
1846,2015-02-01,2016-01-31,大工,愛媛県,
1847,2015-02-01,2016-01-31,左官,愛媛県,19200
1848,2015-02-01,2016-01-31,配管工,愛媛県,17000
1849,2015-02-01,2016-01-31,はつり工,愛媛県,18300
1850,2015-02-01,2016-01-31,防水工,愛媛県,18900
1851,2015-02-01,2016-01-31,板金工,愛媛県,
1852,2015-02-01,2016-01-31,タイル工,愛媛県,
1853,2015-02-01,2016-01-31,サッシ工,愛媛県,
1854,2015-02-01,2016-01-31,内装工,愛媛県,
1855,2015-02-01,2016-01-31,ガラス工,愛媛県,17600
1856,2015-02-01,2016-01-31,建具工,愛媛県,
1857,2015-02-01,2016-01-31,ダクト工,愛媛県,
1858,2015-02-01,2016-01-31,保温工,愛媛県,19900
1859,2015-02-01,2016-01-31,設備機械工,愛媛県,17600
1860,2015-02-01,2016-01-31,交通誘導警備員A,愛媛県,10300
1861,2015-02-01,2016-01-31,交通誘導警備員B,愛媛県,8800
1862,2015-02-01,2016-01-31,特殊作業員,高知県,17300
1863,2015-02-01,2016-01-31,普通作業員,高知県,14700
1864,2015-02-01,2016-01-31,軽作業員,高知県,12300
1865,2015-02-01,2016-01-31,造園工,高知県,16900
1866,2015-02-01,2016-01-31,法面工,高知県,22300
1867,2015-02-01,2016-01-31,とび工,高知県,19300
1868,2015-02-01,2016-01-31,石工,高知県,
1869,2015-02-01,2016-01-31,ブロック工,高知県,
1870,2015-02-01,2016-01-31,電工,高知県,17300
1871,2015-02-01,2016-01-31,鉄筋工,高知県,17400
1872,2015-02-01,2016-01-31,鉄骨工,高知県,18300
1873,2015-02-01,2016-01-31,塗装工,高知県,18000
1874,2015-02-01,2016-01-31,溶接工,高知県,20900
1875,2015-02-01,2016-01-31,運転手（特殊）,高知県,17700
1876,2015-02-01,2016-01-31,運転手（一般）,高知県,15700
1877,2015-02-01,2016-01-31,潜かん工,高知県,27100
1878,2015-02-01,2016-01-31,潜かん世話役,高知県,32100
1879,2015-02-01,2016-01-31,さく岩工,高知県,20400
1880,2015-02-01,2016-01-31,トンネル特殊工,高知県,24700
1881,2015-02-01,2016-01-31,トンネル作業員,高知県,20700
1882,2015-02-01,2016-01-31,トンネル世話役,高知県,26700
1883,2015-02-01,2016-01-31,橋りょう特殊工,高知県,23100
1884,2015-02-01,2016-01-31,橋りょう塗装工,高知県,24000
1885,2015-02-01,2016-01-31,橋りょう世話役,高知県,25400
1886,2015-02-01,2016-01-31,土木一般世話役,高知県,18800
1887,2015-02-01,2016-01-31,高級船員,高知県,29100
1888,2015-02-01,2016-01-31,普通船員,高知県,19800
1889,2015-02-01,2016-01-31,潜水士,高知県,35500
1890,2015-02-01,2016-01-31,潜水連絡員,高知県,
1891,2015-02-01,2016-01-31,潜水送気員,高知県,18300
1892,2015-02-01,2016-01-31,山林砂防工,高知県,19500
1893,2015-02-01,2016-01-31,軌道工,高知県,
1894,2015-02-01,2016-01-31,型わく工,高知県,18200
1895,2015-02-01,2016-01-31,大工,高知県,
1896,2015-02-01,2016-01-31,左官,高知県,19100
1897,2015-02-01,2016-01-31,配管工,高知県,16800
1898,2015-02-01,2016-01-31,はつり工,高知県,18400
1899,2015-02-01,2016-01-31,防水工,高知県,18900
1900,2015-02-01,2016-01-31,板金工,高知県,
1901,2015-02-01,2016-01-31,タイル工,高知県,
1902,2015-02-01,2016-01-31,サッシ工,高知県,
1903,2015-02-01,2016-01-31,内装工,高知県,
1904,2015-02-01,2016-01-31,ガラス工,高知県,17700
1905,2015-02-01,2016-01-31,建具工,高知県,
1906,2015-02-01,2016-01-31,ダクト工,高知県,
1907,2015-02-01,2016-01-31,保温工,高知県,20000
1908,2015-02-01,2016-01-31,設備機械工,高知県,17600
1909,2015-02-01,2016-01-31,交通誘導警備員A,高知県,9800
1910,2015-02-01,2016-01-31,交通誘導警備員B,高知県,8300
1911,2015-02-01,2016-01-31,特殊作業員,福岡県,18200
1912,2015-02-01,2016-01-31,普通作業員,福岡県,16200
1913,2015-02-01,2016-01-31,軽作業員,福岡県,11200
1914,2015-02-01,2016-01-31,造園工,福岡県,16300
1915,2015-02-01,2016-01-31,法面工,福岡県,19600
1916,2015-02-01,2016-01-31,とび工,福岡県,19000
1917,2015-02-01,2016-01-31,石工,福岡県,21300
1918,2015-02-01,2016-01-31,ブロック工,福岡県,20600
1919,2015-02-01,2016-01-31,電工,福岡県,17400
1920,2015-02-01,2016-01-31,鉄筋工,福岡県,18300
1921,2015-02-01,2016-01-31,鉄骨工,福岡県,16500
1922,2015-02-01,2016-01-31,塗装工,福岡県,19000
1923,2015-02-01,2016-01-31,溶接工,福岡県,19800
1924,2015-02-01,2016-01-31,運転手（特殊）,福岡県,17600
1925,2015-02-01,2016-01-31,運転手（一般）,福岡県,15200
1926,2015-02-01,2016-01-31,潜かん工,福岡県,27100
1927,2015-02-01,2016-01-31,潜かん世話役,福岡県,32100
1928,2015-02-01,2016-01-31,さく岩工,福岡県,24400
1929,2015-02-01,2016-01-31,トンネル特殊工,福岡県,23700
1930,2015-02-01,2016-01-31,トンネル作業員,福岡県,19900
1931,2015-02-01,2016-01-31,トンネル世話役,福岡県,27000
1932,2015-02-01,2016-01-31,橋りょう特殊工,福岡県,22000
1933,2015-02-01,2016-01-31,橋りょう塗装工,福岡県,24000
1934,2015-02-01,2016-01-31,橋りょう世話役,福岡県,27000
1935,2015-02-01,2016-01-31,土木一般世話役,福岡県,20100
1936,2015-02-01,2016-01-31,高級船員,福岡県,25200
1937,2015-02-01,2016-01-31,普通船員,福岡県,19100
1938,2015-02-01,2016-01-31,潜水士,福岡県,31200
1939,2015-02-01,2016-01-31,潜水連絡員,福岡県,19700
1940,2015-02-01,2016-01-31,潜水送気員,福岡県,19800
1941,2015-02-01,2016-01-31,山林砂防工,福岡県,
1942,2015-02-01,2016-01-31,軌道工,福岡県,23700
1943,2015-02-01,2016-01-31,型わく工,福岡県,18300
1944,2015-02-01,2016-01-31,大工,福岡県,19300
1945,2015-02-01,2016-01-31,左官,福岡県,18500
1946,2015-02-01,2016-01-31,配管工,福岡県,16400
1947,2015-02-01,2016-01-31,はつり工,福岡県,16700
1948,2015-02-01,2016-01-31,防水工,福岡県,18200
1949,2015-02-01,2016-01-31,板金工,福岡県,17400
1950,2015-02-01,2016-01-31,タイル工,福岡県,
1951,2015-02-01,2016-01-31,サッシ工,福岡県,23000
1952,2015-02-01,2016-01-31,内装工,福岡県,18400
1953,2015-02-01,2016-01-31,ガラス工,福岡県,18400
1954,2015-02-01,2016-01-31,建具工,福岡県,
1955,2015-02-01,2016-01-31,ダクト工,福岡県,14900
1956,2015-02-01,2016-01-31,保温工,福岡県,18100
1957,2015-02-01,2016-01-31,設備機械工,福岡県,17700
1958,2015-02-01,2016-01-31,交通誘導警備員A,福岡県,10300
1959,2015-02-01,2016-01-31,交通誘導警備員B,福岡県,9100
1960,2015-02-01,2016-01-31,特殊作業員,佐賀県,15800
1961,2015-02-01,2016-01-31,普通作業員,佐賀県,13700
1962,2015-02-01,2016-01-31,軽作業員,佐賀県,10900
1963,2015-02-01,2016-01-31,造園工,佐賀県,16200
1964,2015-02-01,2016-01-31,法面工,佐賀県,19200
1965,2015-02-01,2016-01-31,とび工,佐賀県,17700
1966,2015-02-01,2016-01-31,石工,佐賀県,21600
1967,2015-02-01,2016-01-31,ブロック工,佐賀県,20700
1968,2015-02-01,2016-01-31,電工,佐賀県,17100
1969,2015-02-01,2016-01-31,鉄筋工,佐賀県,17900
1970,2015-02-01,2016-01-31,鉄骨工,佐賀県,16700
1971,2015-02-01,2016-01-31,塗装工,佐賀県,19300
1972,2015-02-01,2016-01-31,溶接工,佐賀県,19400
1973,2015-02-01,2016-01-31,運転手（特殊）,佐賀県,19400
1974,2015-02-01,2016-01-31,運転手（一般）,佐賀県,15600
1975,2015-02-01,2016-01-31,潜かん工,佐賀県,27100
1976,2015-02-01,2016-01-31,潜かん世話役,佐賀県,32100
1977,2015-02-01,2016-01-31,さく岩工,佐賀県,24500
1978,2015-02-01,2016-01-31,トンネル特殊工,佐賀県,24100
1979,2015-02-01,2016-01-31,トンネル作業員,佐賀県,19500
1980,2015-02-01,2016-01-31,トンネル世話役,佐賀県,27000
1981,2015-02-01,2016-01-31,橋りょう特殊工,佐賀県,22000
1982,2015-02-01,2016-01-31,橋りょう塗装工,佐賀県,24100
1983,2015-02-01,2016-01-31,橋りょう世話役,佐賀県,27200
1984,2015-02-01,2016-01-31,土木一般世話役,佐賀県,19100
1985,2015-02-01,2016-01-31,高級船員,佐賀県,25000
1986,2015-02-01,2016-01-31,普通船員,佐賀県,19100
1987,2015-02-01,2016-01-31,潜水士,佐賀県,31300
1988,2015-02-01,2016-01-31,潜水連絡員,佐賀県,19700
1989,2015-02-01,2016-01-31,潜水送気員,佐賀県,19800
1990,2015-02-01,2016-01-31,山林砂防工,佐賀県,
1991,2015-02-01,2016-01-31,軌道工,佐賀県,23600
1992,2015-02-01,2016-01-31,型わく工,佐賀県,19700
1993,2015-02-01,2016-01-31,大工,佐賀県,19400
1994,2015-02-01,2016-01-31,左官,佐賀県,18600
1995,2015-02-01,2016-01-31,配管工,佐賀県,15800
1996,2015-02-01,2016-01-31,はつり工,佐賀県,16700
1997,2015-02-01,2016-01-31,防水工,佐賀県,18300
1998,2015-02-01,2016-01-31,板金工,佐賀県,17500
1999,2015-02-01,2016-01-31,タイル工,佐賀県,
2000,2015-02-01,2016-01-31,サッシ工,佐賀県,23000
2001,2015-02-01,2016-01-31,内装工,佐賀県,18400
2002,2015-02-01,2016-01-31,ガラス工,佐賀県,18400
2003,2015-02-01,2016-01-31,建具工,佐賀県,
2004,2015-02-01,2016-01-31,ダクト工,佐賀県,14500
2005,2015-02-01,2016-01-31,保温工,佐賀県,18100
2006,2015-02-01,2016-01-31,設備機械工,佐賀県,17700
2007,2015-02-01,2016-01-31,交通誘導警備員A,佐賀県,10100
2008,2015-02-01,2016-01-31,交通誘導警備員B,佐賀県,8800
2009,2015-02-01,2016-01-31,特殊作業員,長崎県,16700
2010,2015-02-01,2016-01-31,普通作業員,長崎県,14400
2011,2015-02-01,2016-01-31,軽作業員,長崎県,11500
2012,2015-02-01,2016-01-31,造園工,長崎県,16800
2013,2015-02-01,2016-01-31,法面工,長崎県,19000
2014,2015-02-01,2016-01-31,とび工,長崎県,17500
2015,2015-02-01,2016-01-31,石工,長崎県,21900
2016,2015-02-01,2016-01-31,ブロック工,長崎県,20600
2017,2015-02-01,2016-01-31,電工,長崎県,16200
2018,2015-02-01,2016-01-31,鉄筋工,長崎県,17800
2019,2015-02-01,2016-01-31,鉄骨工,長崎県,16100
2020,2015-02-01,2016-01-31,塗装工,長崎県,19000
2021,2015-02-01,2016-01-31,溶接工,長崎県,19000
2022,2015-02-01,2016-01-31,運転手（特殊）,長崎県,16500
2023,2015-02-01,2016-01-31,運転手（一般）,長崎県,14300
2024,2015-02-01,2016-01-31,潜かん工,長崎県,27100
2025,2015-02-01,2016-01-31,潜かん世話役,長崎県,32100
2026,2015-02-01,2016-01-31,さく岩工,長崎県,24500
2027,2015-02-01,2016-01-31,トンネル特殊工,長崎県,24600
2028,2015-02-01,2016-01-31,トンネル作業員,長崎県,19500
2029,2015-02-01,2016-01-31,トンネル世話役,長崎県,27000
2030,2015-02-01,2016-01-31,橋りょう特殊工,長崎県,22000
2031,2015-02-01,2016-01-31,橋りょう塗装工,長崎県,24000
2032,2015-02-01,2016-01-31,橋りょう世話役,長崎県,27100
2033,2015-02-01,2016-01-31,土木一般世話役,長崎県,18800
2034,2015-02-01,2016-01-31,高級船員,長崎県,24000
2035,2015-02-01,2016-01-31,普通船員,長崎県,18300
2036,2015-02-01,2016-01-31,潜水士,長崎県,31000
2037,2015-02-01,2016-01-31,潜水連絡員,長崎県,19500
2038,2015-02-01,2016-01-31,潜水送気員,長崎県,19600
2039,2015-02-01,2016-01-31,山林砂防工,長崎県,
2040,2015-02-01,2016-01-31,軌道工,長崎県,24300
2041,2015-02-01,2016-01-31,型わく工,長崎県,18000
2042,2015-02-01,2016-01-31,大工,長崎県,19300
2043,2015-02-01,2016-01-31,左官,長崎県,18400
2044,2015-02-01,2016-01-31,配管工,長崎県,16100
2045,2015-02-01,2016-01-31,はつり工,長崎県,16700
2046,2015-02-01,2016-01-31,防水工,長崎県,18000
2047,2015-02-01,2016-01-31,板金工,長崎県,17500
2048,2015-02-01,2016-01-31,タイル工,長崎県,
2049,2015-02-01,2016-01-31,サッシ工,長崎県,22800
2050,2015-02-01,2016-01-31,内装工,長崎県,19000
2051,2015-02-01,2016-01-31,ガラス工,長崎県,18400
2052,2015-02-01,2016-01-31,建具工,長崎県,
2053,2015-02-01,2016-01-31,ダクト工,長崎県,15000
2054,2015-02-01,2016-01-31,保温工,長崎県,18100
2055,2015-02-01,2016-01-31,設備機械工,長崎県,17700
2056,2015-02-01,2016-01-31,交通誘導警備員A,長崎県,10300
2057,2015-02-01,2016-01-31,交通誘導警備員B,長崎県,9000
2058,2015-02-01,2016-01-31,特殊作業員,熊本県,17000
2059,2015-02-01,2016-01-31,普通作業員,熊本県,14800
2060,2015-02-01,2016-01-31,軽作業員,熊本県,12200
2061,2015-02-01,2016-01-31,造園工,熊本県,16500
2062,2015-02-01,2016-01-31,法面工,熊本県,20000
2063,2015-02-01,2016-01-31,とび工,熊本県,18300
2064,2015-02-01,2016-01-31,石工,熊本県,21600
2065,2015-02-01,2016-01-31,ブロック工,熊本県,20400
2066,2015-02-01,2016-01-31,電工,熊本県,16100
2067,2015-02-01,2016-01-31,鉄筋工,熊本県,18300
2068,2015-02-01,2016-01-31,鉄骨工,熊本県,16300
2069,2015-02-01,2016-01-31,塗装工,熊本県,19000
2070,2015-02-01,2016-01-31,溶接工,熊本県,19400
2071,2015-02-01,2016-01-31,運転手（特殊）,熊本県,17200
2072,2015-02-01,2016-01-31,運転手（一般）,熊本県,14900
2073,2015-02-01,2016-01-31,潜かん工,熊本県,27100
2074,2015-02-01,2016-01-31,潜かん世話役,熊本県,32100
2075,2015-02-01,2016-01-31,さく岩工,熊本県,24500
2076,2015-02-01,2016-01-31,トンネル特殊工,熊本県,24600
2077,2015-02-01,2016-01-31,トンネル作業員,熊本県,19500
2078,2015-02-01,2016-01-31,トンネル世話役,熊本県,27000
2079,2015-02-01,2016-01-31,橋りょう特殊工,熊本県,22000
2080,2015-02-01,2016-01-31,橋りょう塗装工,熊本県,24000
2081,2015-02-01,2016-01-31,橋りょう世話役,熊本県,26100
2082,2015-02-01,2016-01-31,土木一般世話役,熊本県,19400
2083,2015-02-01,2016-01-31,高級船員,熊本県,25100
2084,2015-02-01,2016-01-31,普通船員,熊本県,18500
2085,2015-02-01,2016-01-31,潜水士,熊本県,31200
2086,2015-02-01,2016-01-31,潜水連絡員,熊本県,19600
2087,2015-02-01,2016-01-31,潜水送気員,熊本県,19700
2088,2015-02-01,2016-01-31,山林砂防工,熊本県,
2089,2015-02-01,2016-01-31,軌道工,熊本県,24200
2090,2015-02-01,2016-01-31,型わく工,熊本県,18100
2091,2015-02-01,2016-01-31,大工,熊本県,19400
2092,2015-02-01,2016-01-31,左官,熊本県,18100
2093,2015-02-01,2016-01-31,配管工,熊本県,15700
2094,2015-02-01,2016-01-31,はつり工,熊本県,16700
2095,2015-02-01,2016-01-31,防水工,熊本県,18100
2096,2015-02-01,2016-01-31,板金工,熊本県,17400
2097,2015-02-01,2016-01-31,タイル工,熊本県,
2098,2015-02-01,2016-01-31,サッシ工,熊本県,22900
2099,2015-02-01,2016-01-31,内装工,熊本県,18300
2100,2015-02-01,2016-01-31,ガラス工,熊本県,18400
2101,2015-02-01,2016-01-31,建具工,熊本県,
2102,2015-02-01,2016-01-31,ダクト工,熊本県,14600
2103,2015-02-01,2016-01-31,保温工,熊本県,18100
2104,2015-02-01,2016-01-31,設備機械工,熊本県,17400
2105,2015-02-01,2016-01-31,交通誘導警備員A,熊本県,10000
2106,2015-02-01,2016-01-31,交通誘導警備員B,熊本県,8600
2107,2015-02-01,2016-01-31,特殊作業員,大分県,16200
2108,2015-02-01,2016-01-31,普通作業員,大分県,13800
2109,2015-02-01,2016-01-31,軽作業員,大分県,11400
2110,2015-02-01,2016-01-31,造園工,大分県,16200
2111,2015-02-01,2016-01-31,法面工,大分県,18600
2112,2015-02-01,2016-01-31,とび工,大分県,18100
2113,2015-02-01,2016-01-31,石工,大分県,21300
2114,2015-02-01,2016-01-31,ブロック工,大分県,20200
2115,2015-02-01,2016-01-31,電工,大分県,15700
2116,2015-02-01,2016-01-31,鉄筋工,大分県,18300
2117,2015-02-01,2016-01-31,鉄骨工,大分県,16600
2118,2015-02-01,2016-01-31,塗装工,大分県,18200
2119,2015-02-01,2016-01-31,溶接工,大分県,19100
2120,2015-02-01,2016-01-31,運転手（特殊）,大分県,18400
2121,2015-02-01,2016-01-31,運転手（一般）,大分県,16700
2122,2015-02-01,2016-01-31,潜かん工,大分県,27100
2123,2015-02-01,2016-01-31,潜かん世話役,大分県,32100
2124,2015-02-01,2016-01-31,さく岩工,大分県,24400
2125,2015-02-01,2016-01-31,トンネル特殊工,大分県,24100
2126,2015-02-01,2016-01-31,トンネル作業員,大分県,19400
2127,2015-02-01,2016-01-31,トンネル世話役,大分県,27000
2128,2015-02-01,2016-01-31,橋りょう特殊工,大分県,22000
2129,2015-02-01,2016-01-31,橋りょう塗装工,大分県,24000
2130,2015-02-01,2016-01-31,橋りょう世話役,大分県,26500
2131,2015-02-01,2016-01-31,土木一般世話役,大分県,19800
2132,2015-02-01,2016-01-31,高級船員,大分県,25100
2133,2015-02-01,2016-01-31,普通船員,大分県,18800
2134,2015-02-01,2016-01-31,潜水士,大分県,31200
2135,2015-02-01,2016-01-31,潜水連絡員,大分県,19600
2136,2015-02-01,2016-01-31,潜水送気員,大分県,19700
2137,2015-02-01,2016-01-31,山林砂防工,大分県,
2138,2015-02-01,2016-01-31,軌道工,大分県,24000
2139,2015-02-01,2016-01-31,型わく工,大分県,17500
2140,2015-02-01,2016-01-31,大工,大分県,19100
2141,2015-02-01,2016-01-31,左官,大分県,18300
2142,2015-02-01,2016-01-31,配管工,大分県,15500
2143,2015-02-01,2016-01-31,はつり工,大分県,16700
2144,2015-02-01,2016-01-31,防水工,大分県,18200
2145,2015-02-01,2016-01-31,板金工,大分県,17400
2146,2015-02-01,2016-01-31,タイル工,大分県,
2147,2015-02-01,2016-01-31,サッシ工,大分県,22500
2148,2015-02-01,2016-01-31,内装工,大分県,18400
2149,2015-02-01,2016-01-31,ガラス工,大分県,18400
2150,2015-02-01,2016-01-31,建具工,大分県,
2151,2015-02-01,2016-01-31,ダクト工,大分県,14300
2152,2015-02-01,2016-01-31,保温工,大分県,18100
2153,2015-02-01,2016-01-31,設備機械工,大分県,17400
2154,2015-02-01,2016-01-31,交通誘導警備員A,大分県,10100
2155,2015-02-01,2016-01-31,交通誘導警備員B,大分県,8200
2156,2015-02-01,2016-01-31,特殊作業員,宮崎県,18200
2157,2015-02-01,2016-01-31,普通作業員,宮崎県,13500
2158,2015-02-01,2016-01-31,軽作業員,宮崎県,11600
2159,2015-02-01,2016-01-31,造園工,宮崎県,16300
2160,2015-02-01,2016-01-31,法面工,宮崎県,18800
2161,2015-02-01,2016-01-31,とび工,宮崎県,18300
2162,2015-02-01,2016-01-31,石工,宮崎県,21600
2163,2015-02-01,2016-01-31,ブロック工,宮崎県,20200
2164,2015-02-01,2016-01-31,電工,宮崎県,15300
2165,2015-02-01,2016-01-31,鉄筋工,宮崎県,17300
2166,2015-02-01,2016-01-31,鉄骨工,宮崎県,16500
2167,2015-02-01,2016-01-31,塗装工,宮崎県,18700
2168,2015-02-01,2016-01-31,溶接工,宮崎県,18700
2169,2015-02-01,2016-01-31,運転手（特殊）,宮崎県,18400
2170,2015-02-01,2016-01-31,運転手（一般）,宮崎県,15600
2171,2015-02-01,2016-01-31,潜かん工,宮崎県,27100
2172,2015-02-01,2016-01-31,潜かん世話役,宮崎県,32100
2173,2015-02-01,2016-01-31,さく岩工,宮崎県,24400
2174,2015-02-01,2016-01-31,トンネル特殊工,宮崎県,25100
2175,2015-02-01,2016-01-31,トンネル作業員,宮崎県,19400
2176,2015-02-01,2016-01-31,トンネル世話役,宮崎県,27000
2177,2015-02-01,2016-01-31,橋りょう特殊工,宮崎県,22000
2178,2015-02-01,2016-01-31,橋りょう塗装工,宮崎県,24000
2179,2015-02-01,2016-01-31,橋りょう世話役,宮崎県,27000
2180,2015-02-01,2016-01-31,土木一般世話役,宮崎県,20000
2181,2015-02-01,2016-01-31,高級船員,宮崎県,24000
2182,2015-02-01,2016-01-31,普通船員,宮崎県,18300
2183,2015-02-01,2016-01-31,潜水士,宮崎県,31200
2184,2015-02-01,2016-01-31,潜水連絡員,宮崎県,19500
2185,2015-02-01,2016-01-31,潜水送気員,宮崎県,19600
2186,2015-02-01,2016-01-31,山林砂防工,宮崎県,
2187,2015-02-01,2016-01-31,軌道工,宮崎県,23800
2188,2015-02-01,2016-01-31,型わく工,宮崎県,18500
2189,2015-02-01,2016-01-31,大工,宮崎県,19100
2190,2015-02-01,2016-01-31,左官,宮崎県,18200
2191,2015-02-01,2016-01-31,配管工,宮崎県,15400
2192,2015-02-01,2016-01-31,はつり工,宮崎県,16700
2193,2015-02-01,2016-01-31,防水工,宮崎県,17900
2194,2015-02-01,2016-01-31,板金工,宮崎県,17400
2195,2015-02-01,2016-01-31,タイル工,宮崎県,
2196,2015-02-01,2016-01-31,サッシ工,宮崎県,22400
2197,2015-02-01,2016-01-31,内装工,宮崎県,18300
2198,2015-02-01,2016-01-31,ガラス工,宮崎県,18400
2199,2015-02-01,2016-01-31,建具工,宮崎県,
2200,2015-02-01,2016-01-31,ダクト工,宮崎県,14600
2201,2015-02-01,2016-01-31,保温工,宮崎県,18100
2202,2015-02-01,2016-01-31,設備機械工,宮崎県,17400
2203,2015-02-01,2016-01-31,交通誘導警備員A,宮崎県,10200
2204,2015-02-01,2016-01-31,交通誘導警備員B,宮崎県,7900
2205,2015-02-01,2016-01-31,特殊作業員,鹿児島県,20000
2206,2015-02-01,2016-01-31,普通作業員,鹿児島県,14700
2207,2015-02-01,2016-01-31,軽作業員,鹿児島県,12400
2208,2015-02-01,2016-01-31,造園工,鹿児島県,16000
2209,2015-02-01,2016-01-31,法面工,鹿児島県,21600
2210,2015-02-01,2016-01-31,とび工,鹿児島県,18600
2211,2015-02-01,2016-01-31,石工,鹿児島県,21600
2212,2015-02-01,2016-01-31,ブロック工,鹿児島県,20200
2213,2015-02-01,2016-01-31,電工,鹿児島県,15700
2214,2015-02-01,2016-01-31,鉄筋工,鹿児島県,18200
2215,2015-02-01,2016-01-31,鉄骨工,鹿児島県,16500
2216,2015-02-01,2016-01-31,塗装工,鹿児島県,18900
2217,2015-02-01,2016-01-31,溶接工,鹿児島県,19300
2218,2015-02-01,2016-01-31,運転手（特殊）,鹿児島県,20500
2219,2015-02-01,2016-01-31,運転手（一般）,鹿児島県,17900
2220,2015-02-01,2016-01-31,潜かん工,鹿児島県,27100
2221,2015-02-01,2016-01-31,潜かん世話役,鹿児島県,32100
2222,2015-02-01,2016-01-31,さく岩工,鹿児島県,24500
2223,2015-02-01,2016-01-31,トンネル特殊工,鹿児島県,25000
2224,2015-02-01,2016-01-31,トンネル作業員,鹿児島県,19500
2225,2015-02-01,2016-01-31,トンネル世話役,鹿児島県,27000
2226,2015-02-01,2016-01-31,橋りょう特殊工,鹿児島県,22000
2227,2015-02-01,2016-01-31,橋りょう塗装工,鹿児島県,24100
2228,2015-02-01,2016-01-31,橋りょう世話役,鹿児島県,27200
2229,2015-02-01,2016-01-31,土木一般世話役,鹿児島県,21600
2230,2015-02-01,2016-01-31,高級船員,鹿児島県,23900
2231,2015-02-01,2016-01-31,普通船員,鹿児島県,18300
2232,2015-02-01,2016-01-31,潜水士,鹿児島県,31300
2233,2015-02-01,2016-01-31,潜水連絡員,鹿児島県,19600
2234,2015-02-01,2016-01-31,潜水送気員,鹿児島県,19700
2235,2015-02-01,2016-01-31,山林砂防工,鹿児島県,
2236,2015-02-01,2016-01-31,軌道工,鹿児島県,23900
2237,2015-02-01,2016-01-31,型わく工,鹿児島県,20300
2238,2015-02-01,2016-01-31,大工,鹿児島県,19500
2239,2015-02-01,2016-01-31,左官,鹿児島県,18500
2240,2015-02-01,2016-01-31,配管工,鹿児島県,15400
2241,2015-02-01,2016-01-31,はつり工,鹿児島県,16700
2242,2015-02-01,2016-01-31,防水工,鹿児島県,18000
2243,2015-02-01,2016-01-31,板金工,鹿児島県,17500
2244,2015-02-01,2016-01-31,タイル工,鹿児島県,
2245,2015-02-01,2016-01-31,サッシ工,鹿児島県,22500
2246,2015-02-01,2016-01-31,内装工,鹿児島県,18100
2247,2015-02-01,2016-01-31,ガラス工,鹿児島県,18400
2248,2015-02-01,2016-01-31,建具工,鹿児島県,
2249,2015-02-01,2016-01-31,ダクト工,鹿児島県,14300
2250,2015-02-01,2016-01-31,保温工,鹿児島県,18100
2251,2015-02-01,2016-01-31,設備機械工,鹿児島県,17400
2252,2015-02-01,2016-01-31,交通誘導警備員A,鹿児島県,10900
2253,2015-02-01,2016-01-31,交通誘導警備員B,鹿児島県,9300
2254,2015-02-01,2016-01-31,特殊作業員,沖縄県,18000
2255,2015-02-01,2016-01-31,普通作業員,沖縄県,15700
2256,2015-02-01,2016-01-31,軽作業員,沖縄県,11900
2257,2015-02-01,2016-01-31,造園工,沖縄県,
2258,2015-02-01,2016-01-31,法面工,沖縄県,
2259,2015-02-01,2016-01-31,とび工,沖縄県,22100
2260,2015-02-01,2016-01-31,石工,沖縄県,
2261,2015-02-01,2016-01-31,ブロック工,沖縄県,15000
2262,2015-02-01,2016-01-31,電工,沖縄県,14600
2263,2015-02-01,2016-01-31,鉄筋工,沖縄県,20100
2264,2015-02-01,2016-01-31,鉄骨工,沖縄県,17900
2265,2015-02-01,2016-01-31,塗装工,沖縄県,19100
2266,2015-02-01,2016-01-31,溶接工,沖縄県,19100
2267,2015-02-01,2016-01-31,運転手（特殊）,沖縄県,20400
2268,2015-02-01,2016-01-31,運転手（一般）,沖縄県,18000
2269,2015-02-01,2016-01-31,潜かん工,沖縄県,27200
2270,2015-02-01,2016-01-31,潜かん世話役,沖縄県,32200
2271,2015-02-01,2016-01-31,さく岩工,沖縄県,22500
2272,2015-02-01,2016-01-31,トンネル特殊工,沖縄県,22900
2273,2015-02-01,2016-01-31,トンネル作業員,沖縄県,18500
2274,2015-02-01,2016-01-31,トンネル世話役,沖縄県,26000
2275,2015-02-01,2016-01-31,橋りょう特殊工,沖縄県,25900
2276,2015-02-01,2016-01-31,橋りょう塗装工,沖縄県,20900
2277,2015-02-01,2016-01-31,橋りょう世話役,沖縄県,31000
2278,2015-02-01,2016-01-31,土木一般世話役,沖縄県,21400
2279,2015-02-01,2016-01-31,高級船員,沖縄県,21200
2280,2015-02-01,2016-01-31,普通船員,沖縄県,18900
2281,2015-02-01,2016-01-31,潜水士,沖縄県,36900
2282,2015-02-01,2016-01-31,潜水連絡員,沖縄県,22600
2283,2015-02-01,2016-01-31,潜水送気員,沖縄県,24500
2284,2015-02-01,2016-01-31,山林砂防工,沖縄県,
2285,2015-02-01,2016-01-31,軌道工,沖縄県,
2286,2015-02-01,2016-01-31,型わく工,沖縄県,20700
2287,2015-02-01,2016-01-31,大工,沖縄県,
2288,2015-02-01,2016-01-31,左官,沖縄県,20000
2289,2015-02-01,2016-01-31,配管工,沖縄県,14900
2290,2015-02-01,2016-01-31,はつり工,沖縄県,
2291,2015-02-01,2016-01-31,防水工,沖縄県,23800
2292,2015-02-01,2016-01-31,板金工,沖縄県,
2293,2015-02-01,2016-01-31,タイル工,沖縄県,
2294,2015-02-01,2016-01-31,サッシ工,沖縄県,17600
2295,2015-02-01,2016-01-31,内装工,沖縄県,
2296,2015-02-01,2016-01-31,ガラス工,沖縄県,17600
2297,2015-02-01,2016-01-31,建具工,沖縄県,
2298,2015-02-01,2016-01-31,ダクト工,沖縄県,14000
2299,2015-02-01,2016-01-31,保温工,沖縄県,
2300,2015-02-01,2016-01-31,設備機械工,沖縄県,
2301,2015-02-01,2016-01-31,交通誘導警備員A,沖縄県,9100
2302,2015-02-01,2016-01-31,交通誘導警備員B,沖縄県,8000